top_category,enabled,category_path,title,xml_url,html_url,type,priority,status,tags,language,cadence,owner,notes,last_checked,source_comment
Articles,Y,,"Hi, DIYgod",https://diygod.cc/feed,https://diygod.cc/,rss,P2,active,,,,,,,imported from myrss.tailscale.opml
Articles,Y,,tanscp,https://tanscp.com/feed/,https://tanscp.com/,rss,P2,active,,,,,,,imported from myrss.tailscale.opml
Articles,Y,,Airing 的博客,https://ursb.me/blog/feed.xml,https://ursb.me/,rss,P2,active,,,,,,,imported from myrss.tailscale.opml
Articles,Y,个人博客-人生,Rolen's Blog,https://rolen.wiki/feed/,https://rolen.wiki/,rss,P2,active,,,,,,,imported from myrss.tailscale.opml
Articles,Y,个人博客-人生,Ben's Love,https://bens.love/feed,https://bens.love/,rss,P2,active,,,,,,,imported from myrss.tailscale.opml
Articles,Y,个人博客-人生,莫比乌斯,https://mobius.blog/feed/,https://mobius.blog/,rss,P2,active,,,,,,,imported from myrss.tailscale.opml
Articles,Y,个人博客-人生,白熊阿丸的小屋,https://blog.bxaw.name/feed/,https://blog.bxaw.name/,rss,P2,active,,,,,,,imported from myrss.tailscale.opml
Articles,Y,个人博客-人生,草稿拾遗,https://kill-the-newsletter.com/feeds/t87xbbj6p4iwfhsi.xml,https://kill-the-newsletter.com/feeds/t87xbbj6p4iwfhsi.xml,rss,P2,active,,,,,,,imported from myrss.tailscale.opml
Articles,Y,,Paradise Lost,https://2890.ltd/feed/,https://2890.ltd/,rss,P2,active,,,,,,,imported from myrss.tailscale.opml
Articles,Y,,笨方法学写作,https://www.cnfeat.com/feed.xml,https://cnfeat.com/,rss,P2,active,,,,,,,imported from myrss.tailscale.opml
Articles,Y,,豆瓣小组-无用美学,https://macmini-rsshub.tail99ecfa.ts.net/douban/group/699356/essence,https://www.douban.com/group/699356/?type=essence,rss,P2,active,,,,,,,imported from myrss.tailscale.opml
Articles,Y,,StarYuhen,https://www.yuhenm.top/feed/,https://www.yuhenm.top/,rss,P2,active,,,,,,,imported from myrss.tailscale.opml
Articles,Y,优质信息源,少数派,https://macmini-rsshub.tail99ecfa.ts.net/sspai/index,https://sspai.com/,rss,P2,active,,,,,,,imported from myrss.tailscale.opml
Articles,Y,优质信息源,少数派 -- Matrix,https://macmini-rsshub.tail99ecfa.ts.net/sspai/matrix,https://sspai.com/matrix,rss,P2,active,,,,,,,imported from myrss.tailscale.opml
Articles,Y,,Experimental History,https://www.experimental-history.com/feed,https://www.experimental-history.com/,rss,P2,active,,,,,,,imported from myrss.tailscale.opml
Articles,Y,,Blog - Remote Work Prep,https://www.remoteworkprep.com/blog?format=rss,https://www.remoteworkprep.com/blog/,rss,P2,active,,,,,,,imported from myrss.tailscale.opml
Articles,Y,,EVANGELION:ALL,https://www.eva-all.com/news/feed/,https://www.eva-all.com/news,rss,P2,active,,,,,,,imported from myrss.tailscale.opml
Articles,Y,,纵横四海,https://macmini-rsshub.tail99ecfa.ts.net/xiaoyuzhou/podcast/62694abdb221dd5908417d1e,https://www.xiaoyuzhoufm.com/podcast/62694abdb221dd5908417d1e,rss,P2,active,,,,,,,imported from myrss.tailscale.opml
Articles,Y,其他,51吃瓜网 - 吃瓜爆料第一站，全网最快最全的吃瓜平台,https://51cg1.com/feed/,https://51cg1.com/,rss,P2,active,,,,,,,imported from myrss.tailscale.opml
Articles,Y,,今日热榜,https://web2rss.cc/feed/rebang.today?preview=true,https://rebang.today/,rss,P2,active,,,,,,,imported from myrss.tailscale.opml
Articles,Y,,安全代码,https://www.usmacd.com/atom.xml,https://usmacd.com/atom.xml,rss,P2,active,,,,,,,imported from myrss.tailscale.opml
Articles,Y,,老T博客,https://lawtee.com/index.xml,https://lawtee.com/,rss,P2,active,,,,,,,imported from myrss.tailscale.opml
Articles,Y,科技与编程,小众软件,https://www.appinn.com/feed/,https://www.appinn.com/,rss,P2,active,,,,,,,imported from myrss.tailscale.opml
Articles,Y,科技与编程,HelloGithub - 月刊,https://macmini-rsshub.tail99ecfa.ts.net/hellogithub/volume,https://hellogithub.com/periodical,rss,P2,active,,,,,,,imported from myrss.tailscale.opml
Articles,Y,科技与编程,宝玉的分享,https://s.baoyu.io/feed.xml,https://baoyu.io/,rss,P2,active,,,,,,,imported from myrss.tailscale.opml
Articles,Y,科技与编程,阮一峰的网络日志,https://feeds.feedburner.com/ruanyifeng,http://www.ruanyifeng.com/blog/,rss,P2,active,,,,,,,imported from myrss.tailscale.opml
Articles,Y,科技与编程,龙爪槐守望者,https://www.ftium4.com/rss.xml,https://www.ftium4.com/rss.xml,rss,P2,active,,,,,,,imported from myrss.tailscale.opml
Articles,Y,科技与编程,十年之约聚合订阅,https://tool.bcrjl.com/snzy-rss/,https://blog.yanqingshan.com/87.html,rss,P2,active,,,,,,,imported from myrss.tailscale.opml
Articles,Y,科技与编程,#UNTAG,https://rss.utgd.net/feed/,http://utgd.net/rss/,rss,P2,active,,,,,,,imported from myrss.tailscale.opml
Articles,Y,科技与编程,混沌周刊,https://weekly.love/feed/atom,https://weekly.love/,rss,P2,active,,,,,,,imported from myrss.tailscale.opml
Articles,Y,科技与编程,🔔科技频道[奇诺分享-ccino.org]⚡️,https://channel.ccino.org/rss.xml,https://channel.ccino.org/,rss,P2,active,,,,,,,imported from myrss.tailscale.opml
Articles,Y,微信公众号,猴猴说话,https://myweixinrss.zeabur.app/feeds/MP_WXS_3279284299.atom,https://myweixinrss.zeabur.app/feeds/MP_WXS_3279284299.atom,rss,P2,active,,,,,,,imported from myrss.tailscale.opml
Articles,Y,微信公众号,潦草学者,https://myweixinrss.zeabur.app/feeds/MP_WXS_3239649460.atom,https://myweixinrss.zeabur.app/feeds/MP_WXS_3239649460.atom,rss,P2,active,,,,,,,imported from myrss.tailscale.opml
Articles,Y,微信公众号,L先生说,https://myweixinrss.zeabur.app/feeds/MP_WXS_3015646136.atom,https://myweixinrss.zeabur.app/feeds/MP_WXS_3015646136.atom,rss,P2,active,,,,,,,imported from myrss.tailscale.opml
Articles,Y,微信公众号,常青说,https://myweixinrss.zeabur.app/feeds/MP_WXS_3944297233.atom,https://myweixinrss.zeabur.app/feeds/MP_WXS_3944297233.atom,rss,P2,active,,,,,,,imported from myrss.tailscale.opml
Articles,Y,微信公众号,啊桂的实验室,https://myweixinrss.zeabur.app/feeds/MP_WXS_3097885397.atom,https://myweixinrss.zeabur.app/feeds/MP_WXS_3097885397.atom,rss,P2,active,,,,,,,imported from myrss.tailscale.opml
Articles,Y,微信公众号,大问题Dialectic,https://myweixinrss.zeabur.app/feeds/MP_WXS_2391461928.atom,https://myweixinrss.zeabur.app/feeds/MP_WXS_2391461928.atom,rss,P2,active,,,,,,,imported from myrss.tailscale.opml
Articles,Y,微信公众号,ONE字幕组,https://myweixinrss.zeabur.app/feeds/MP_WXS_3220087653.atom,https://myweixinrss.zeabur.app/feeds/MP_WXS_3220087653.atom,rss,P2,active,,,,,,,imported from myrss.tailscale.opml
Articles,Y,微信公众号,everystep,https://myweixinrss.zeabur.app/feeds/MP_WXS_2396013984.atom,https://myweixinrss.zeabur.app/feeds/MP_WXS_2396013984.atom,rss,P2,active,,,,,,,imported from myrss.tailscale.opml
Articles,Y,微信公众号,走路,https://myweixinrss.zeabur.app/feeds/MP_WXS_3097360004.atom,https://myweixinrss.zeabur.app/feeds/MP_WXS_3097360004.atom,rss,P2,active,,,,,,,imported from myrss.tailscale.opml
Articles,Y,社评,Vista看天下,https://plink.anyfeeder.com/weixin/vistaweek,http://weixin.sogou.com/weixin?type=1&s_from=input&query=Vista%E7%9C%8B%E5%A4%A9%E4%B8%8B,rss,P2,active,,,,,,,imported from myrss.tailscale.opml
Articles,Y,社评,Tinyfool的个人网站,https://codechina.org/feed/,https://codechina.org/,rss,P2,active,,,,,,,imported from myrss.tailscale.opml
Articles,Y,社评,刘夙的科技世界,https://wewe-rss.jerrylf.uk/feeds/MP_WXS_3002603832.json,https://wewe-rss.jerrylf.uk/feeds/MP_WXS_3002603832.json,rss,P2,active,,,,,,,imported from myrss.tailscale.opml
Articles,Y,社评,三联生活周刊 Lifeweek,https://the.bi/s/rawbbyu2zgmy32,https://the.bi/s,rss,P2,active,,,,,,,imported from myrss.tailscale.opml
Articles,Y,社评,时代观察 - 乌有之乡网刊,https://macmini-rsshub.tail99ecfa.ts.net/wyzxwk/article,http://www.wyzxwk.com/Article/shidai,rss,P2,active,,,,,,,imported from myrss.tailscale.opml
Articles,Y,国内外资讯,一觉醒来发生了什么 - 即刻圈子,https://macmini-rsshub.tail99ecfa.ts.net/jike/topic/553870e8e4b0cafb0a1bef68,https://m.okjike.com/topics/553870e8e4b0cafb0a1bef68,rss,P2,active,,,,,,,imported from myrss.tailscale.opml
Articles,Y,国内外资讯,东西智库 – 专注中国制造业高质量发展,https://macmini-rsshub.tail99ecfa.ts.net/dx2025,https://www.dx2025.com/,rss,P2,active,,,,,,,imported from myrss.tailscale.opml
Articles,Y,国内政策,中国政府网 - 最新政策,https://macmini-rsshub.tail99ecfa.ts.net/gov/zhengce/zuixin,https://www.gov.cn/zhengce/zuixin/,rss,P2,active,,,,,,,imported from myrss.tailscale.opml
Articles,Y,国内政策,- 政府文件库,https://macmini-rsshub.tail99ecfa.ts.net/gov/zhengce/zhengceku/bmwj,http://www.gov.cn/zhengce/zhengceku/bmwj/,rss,P2,active,,,,,,,imported from myrss.tailscale.opml
Articles,Y,,不如读书,https://wuyagege.substack.com/feed,https://wuyagege.substack.com/,rss,P2,active,,,,,,,imported from myrss.tailscale.opml
Articles,Y,,Lukas Petersson’s blog,https://lukaspetersson.com/feed.xml,https://lukaspetersson.github.io/,rss,P2,active,,,,,,,imported from myrss.tailscale.opml
Articles,Y,,一亩三分地 - 日本热门帖子,https://macmini-rsshub.tail99ecfa.ts.net/1point3acres/category/%E6%97%A5%E6%9C%AC,https://instant.1point3acres.com/category/%E6%97%A5%E6%9C%AC,rss,P2,active,,,,,,,imported from myrss.tailscale.opml
Articles,Y,,偷懒爱好者周刊,https://toolight.cn/open/p/weekly/atom.xml,https://echosoar.github.io/weekly/,rss,P2,active,,,,,,,imported from myrss.tailscale.opml
Articles,Y,,GeekPlux Letters,https://letters.geekplux.com/rss/,https://letters.geekplux.com/,rss,P2,active,,,,,,,imported from myrss.tailscale.opml
Articles,Y,,信息差——独立开发者出海周刊,https://gapis.money/rss.xml,https://gapis.money/,rss,P2,active,,,,,,,imported from myrss.tailscale.opml
Articles,Y,,joojen Zhou 的网站,https://joojen.com/feed,https://joojen.com/,rss,P2,active,,,,,,,imported from myrss.tailscale.opml
Articles,Y,,周刊 归档 - 酷口家数字花园,https://weqoocu.com/feed,https://weqoocu.com/tag/%E5%91%A8%E5%88%8A,rss,P2,active,,,,,,,imported from myrss.tailscale.opml
Articles,Y,,莫尔索随笔,https://liduos.com/atom.xml,https://liduos.com/atom.xml,rss,P2,active,,,,,,,imported from myrss.tailscale.opml
Articles,Y,,Ahead of AI,https://magazine.sebastianraschka.com/feed,https://magazine.sebastianraschka.com/,rss,P2,active,,,,,,,imported from myrss.tailscale.opml
Articles,Y,,歸藏的AI工具箱,https://wechat2rss.bestblogs.dev/feed/1fc32fedbf5da37e8e819a9298ae80724c12cb03.xml,https://https//wechat2rss.bestblogs.dev/feed/1fc32fedbf5da37e8e819a9298ae80724c12cb03.xml,rss,P2,active,,,,,,,imported from myrss.tailscale.opml
Articles,Y,,Kubernetes Blog,https://kubernetes.io/feed.xml,https://kubernetes.io/,rss,P2,active,,,,,,,imported from myrss.tailscale.opml
Articles,Y,,AI洞察日报 RSS Feed,https://justlovemaki.github.io/CloudFlare-AI-Insight-Daily/rss.xml,https://ai.hubtoday.app/,rss,P2,active,,,,,,,imported from myrss.tailscale.opml
Articles,Y,党政信息,最新发布_共产党员网,https://macmini-rsshub.tail99ecfa.ts.net/12371/zxfb,https://www.12371.cn/zxfb/,rss,P2,active,,,,,,,imported from myrss.tailscale.opml
Articles,Y,党政信息,新华社新闻_新华网,https://plink.anyfeeder.com/newscn/whxw,http://www.news.cn/xhsxw.htm,rss,P2,active,,,,,,,imported from myrss.tailscale.opml
Articles,Y,党政信息,半月谈快报,https://data.getpodcast.xyz/data/ximalaya/9604235.xml,https://www.ximalaya.com/album/9604235/,rss,P2,active,,,,,,,imported from myrss.tailscale.opml
Articles,Y,党政信息,- 求是网,https://plink.anyfeeder.com/qstheory,http://www.qstheory.cn/v9zhuanqu/toutiao/index.htm,rss,P2,active,,,,,,,imported from myrss.tailscale.opml
Articles,Y,,学习一下订阅源,https://macmini-rsshub.tail99ecfa.ts.net/follow/profile/158883963341209600,https://app.follow.is/share/users/158883963341209600,rss,P2,active,,,,,,,imported from myrss.tailscale.opml
Articles,Y,,Lex Fridman Podcast,https://lexfridman.com/feed/podcast/,https://lexfridman.com/,rss,P2,active,,,,,,,
Articles,Y,,Podnews Daily - podcast industry news,https://podnews.net/rss,https://podnews.net/,rss,P2,active,,,,,,,
Articles,Y,,新智元,https://raw.githubusercontent.com/osnsyc/Wechat-Scholar/main/channels/gh_108f2a2a27f4.xml,https://mp.weixin.qq.com/,rss,P2,active,,,,,,,
Articles,Y,,机器之心,https://www.jiqizhixin.com/rss,https://www.jiqizhixin.com/,rss,P2,active,,,,,,,
Articles,Y,,腾讯研究院,https://wechat2rss.bestblogs.dev/feed/6152301e0978bffb0a8284cab339262b9764dcfb.xml,https://wechat2rss.bestblogs.dev/feed/6152301e0978bffb0a8284cab339262b9764dcfb.xml,rss,P2,active,,,,,,,
Articles,Y,,极客公园,https://www.geekpark.net/rss,http://mainssl.geekpark.net/rss.rss,rss,P2,active,,,,,,,
Articles,Y,,极客公园,https://wechat2rss.xlab.app/feed/1a5aec98e71c707c8ca092bc2c255b9d4bac477d.xml,https://wechat2rss.xlab.app/feed/1a5aec98e71c707c8ca092bc2c255b9d4bac477d.xml,rss,P2,active,,,,,,,
SocialMedia,Y,,图书推荐 – 书伴,https://macmini-rsshub.tail99ecfa.ts.net/bookfere/books,https://bookfere.com/category/books,rss,P2,active,,,,,,,imported from myrss.tailscale.opml
SocialMedia,Y,,每周一书 – 书伴,https://macmini-rsshub.tail99ecfa.ts.net/bookfere/weekly,https://bookfere.com/category/weekly,rss,P2,active,,,,,,,imported from myrss.tailscale.opml
SocialMedia,Y,,笔记交流站 - 即刻圈子,https://macmini-rsshub.tail99ecfa.ts.net/jike/topic/660165c504703c909c6d8b2e,https://m.okjike.com/topics/660165c504703c909c6d8b2e,rss,P2,active,,,,,,,imported from myrss.tailscale.opml
SocialMedia,Y,资讯,你不知道的行业内幕 - 即刻圈子,https://macmini-rsshub.tail99ecfa.ts.net/jike/topic/5699f451d3e8351200bffdc8,https://m.okjike.com/topics/5699f451d3e8351200bffdc8,rss,P2,active,,,,,,,imported from myrss.tailscale.opml
SocialMedia,Y,,Mike Krieger(@mikeyk),https://api.xgo.ing/rss/user/78d7b99318b04b309b04000f7e24da29,https://x.com/mikeyk,rss,P2,active,,,,,,,imported from myrss.tailscale.opml
SocialMedia,Y,,Richard Socher(@RichardSocher),https://api.xgo.ing/rss/user/4d2d4165a7524217a08d3f57f27fa190,https://x.com/RichardSocher,rss,P2,active,,,,,,,imported from myrss.tailscale.opml
SocialMedia,Y,,Hugging Face(@huggingface),https://api.xgo.ing/rss/user/fc16750ce50741f1b1f05ea1fb29436f,https://x.com/huggingface,rss,P2,active,,,,,,,imported from myrss.tailscale.opml
SocialMedia,Y,,小互(@imxiaohu),https://api.xgo.ing/rss/user/74e542992cf7441390c708f5601071d4,https://x.com/imxiaohu,rss,P2,active,,,,,,,imported from myrss.tailscale.opml
SocialMedia,Y,,AI at Meta(@AIatMeta),https://api.xgo.ing/rss/user/ef7c70f9568d45f4915169fef4ce90b4,https://x.com/AIatMeta,rss,P2,active,,,,,,,imported from myrss.tailscale.opml
SocialMedia,Y,,Mistral AI(@MistralAI),https://api.xgo.ing/rss/user/8d2d03aea8af49818096da4ea00409d1,https://x.com/MistralAI,rss,P2,active,,,,,,,imported from myrss.tailscale.opml
SocialMedia,Y,,xAI(@xai),https://api.xgo.ing/rss/user/3953aa71e87a422eb9d7bf6ff1c7c43e,https://x.com/xai,rss,P2,active,,,,,,,imported from myrss.tailscale.opml
SocialMedia,Y,,Dia(@diabrowser),https://api.xgo.ing/rss/user/6384ee3c656c48fea5e8b3cdacece4d0,https://x.com/diabrowser,rss,P2,active,,,,,,,imported from myrss.tailscale.opml
SocialMedia,Y,,AI Breakfast(@AiBreakfast),https://api.xgo.ing/rss/user/0e3ebaf288014c45b0d24b71fe37312b,https://x.com/AiBreakfast,rss,P2,active,,,,,,,imported from myrss.tailscale.opml
SocialMedia,Y,,DeepSeek(@deepseek_ai),https://api.xgo.ing/rss/user/68b610deb24b47ae9a236811563cda86,https://x.com/deepseek_ai,rss,P2,active,,,,,,,imported from myrss.tailscale.opml
SocialMedia,Y,,Jim Fan(@DrJimFan),https://api.xgo.ing/rss/user/c6cfe7c0d6b74849997073233fdea840,https://x.com/DrJimFan,rss,P2,active,,,,,,,imported from myrss.tailscale.opml
SocialMedia,Y,,Akshay Kothari(@akothari),https://api.xgo.ing/rss/user/3434c0d56ee0446f991fb6af42bfac4b,https://x.com/akothari,rss,P2,active,,,,,,,imported from myrss.tailscale.opml
SocialMedia,Y,,歸藏(guizang.ai)(@op7418),https://api.xgo.ing/rss/user/831fac36aa0a49a9af79f35dc1c9b5d9,https://x.com/op7418,rss,P2,active,,,,,,,imported from myrss.tailscale.opml
SocialMedia,Y,,Notion(@NotionHQ),https://api.xgo.ing/rss/user/f97a26863aec4425b021720d4f8e4ede,https://x.com/NotionHQ,rss,P2,active,,,,,,,imported from myrss.tailscale.opml
SocialMedia,Y,,Replicate(@replicate),https://api.xgo.ing/rss/user/12eba9c3db4940c5ab2a72bd00f9ff2c,https://x.com/replicate,rss,P2,active,,,,,,,imported from myrss.tailscale.opml
SocialMedia,Y,,lmarena.ai(@lmarena_ai),https://api.xgo.ing/rss/user/f01b088d5a39473e854b07143df77ec5,https://x.com/lmarena_ai,rss,P2,active,,,,,,,imported from myrss.tailscale.opml
SocialMedia,Y,,Poe(@poe_platform),https://api.xgo.ing/rss/user/17687b1051204b2dbaed4ea4c9178f28,https://x.com/poe_platform,rss,P2,active,,,,,,,imported from myrss.tailscale.opml
SocialMedia,Y,,Ray Dalio(@RayDalio),https://api.xgo.ing/rss/user/4838204097ed422eac24ad48e68dc3ff,https://x.com/RayDalio,rss,P2,active,,,,,,,imported from myrss.tailscale.opml
SocialMedia,Y,,Arthur Mensch(@arthurmensch),https://api.xgo.ing/rss/user/d8121d969fb34c7daad2dd2aac4ba270,https://x.com/arthurmensch,rss,P2,active,,,,,,,imported from myrss.tailscale.opml
SocialMedia,Y,,Paul Graham(@paulg),https://api.xgo.ing/rss/user/900549ddadf04e839d3f7a17ebaba3fc,https://x.com/paulg,rss,P2,active,,,,,,,imported from myrss.tailscale.opml
SocialMedia,Y,,Browser Use(@browser_use),https://api.xgo.ing/rss/user/b8d7530f0b294405825013bbc1cc198f,https://x.com/browser_use,rss,P2,active,,,,,,,imported from myrss.tailscale.opml
SocialMedia,Y,,The Rundown AI(@TheRundownAI),https://api.xgo.ing/rss/user/83b1ea38940b4a1d81ea57d1ffb12ad7,https://x.com/TheRundownAI,rss,P2,active,,,,,,,imported from myrss.tailscale.opml
SocialMedia,Y,,AI Will(@FinanceYF5),https://api.xgo.ing/rss/user/aa74321087f9405a872fd9a76b743bf8,https://x.com/FinanceYF5,rss,P2,active,,,,,,,imported from myrss.tailscale.opml
SocialMedia,Y,,Guillermo Rauch(@rauchg),https://api.xgo.ing/rss/user/e8750659b8154dbfa0489f451e044af1,https://x.com/rauchg,rss,P2,active,,,,,,,imported from myrss.tailscale.opml
SocialMedia,Y,,向阳乔木(@vista8),https://api.xgo.ing/rss/user/9de19c78f7454ad08c956c1a00d237fe,https://x.com/vista8,rss,P2,active,,,,,,,imported from myrss.tailscale.opml
SocialMedia,Y,,Nick St. Pierre(@nickfloats),https://api.xgo.ing/rss/user/6ebdf0d91eef4c149acd0ef110635866,https://x.com/nickfloats,rss,P2,active,,,,,,,imported from myrss.tailscale.opml
SocialMedia,Y,,Sahil Lavingia(@shl),https://api.xgo.ing/rss/user/baad3713defe4182844d2756b4c2c9ed,https://x.com/shl,rss,P2,active,,,,,,,imported from myrss.tailscale.opml
SocialMedia,Y,,Jan Leike(@janleike),https://api.xgo.ing/rss/user/dceb5cd131b34c72a8376cba8ea5d864,https://x.com/janleike,rss,P2,active,,,,,,,imported from myrss.tailscale.opml
SocialMedia,Y,,Gary Marcus(@GaryMarcus),https://api.xgo.ing/rss/user/35a38c5646d946fb894d8c30c1d9629e,https://x.com/GaryMarcus,rss,P2,active,,,,,,,imported from myrss.tailscale.opml
SocialMedia,Y,,Monica_IM(@hey_im_monica),https://api.xgo.ing/rss/user/5d749cc613ec4069bb2a47334739e1b6,https://x.com/hey_im_monica,rss,P2,active,,,,,,,imported from myrss.tailscale.opml
SocialMedia,Y,,Lenny Rachitsky(@lennysan),https://api.xgo.ing/rss/user/77d5ce4736854b0ebae603e4b54d3095,https://x.com/lennysan,rss,P2,active,,,,,,,imported from myrss.tailscale.opml
SocialMedia,Y,,Kling AI(@Kling_ai),https://api.xgo.ing/rss/user/564237c3de274d58a04f064920817888,https://x.com/Kling_ai,rss,P2,active,,,,,,,imported from myrss.tailscale.opml
SocialMedia,Y,,Lilian Weng(@lilianweng),https://api.xgo.ing/rss/user/a8f7e2238039461cbc8bf55f5f194498,https://x.com/lilianweng,rss,P2,active,,,,,,,imported from myrss.tailscale.opml
SocialMedia,Y,,Aadit Sheth(@aaditsh),https://api.xgo.ing/rss/user/179bcc4b8e5d4274b6e9e935f9fd4434,https://x.com/aaditsh,rss,P2,active,,,,,,,imported from myrss.tailscale.opml
SocialMedia,Y,,Augment Code(@augmentcode),https://api.xgo.ing/rss/user/e153fdd077df458b8298d975c060dcc3,https://x.com/augmentcode,rss,P2,active,,,,,,,imported from myrss.tailscale.opml
SocialMedia,Y,,Skywork(@Skywork_ai),https://api.xgo.ing/rss/user/6d7d398dd80b48d79669c92745d32cf6,https://x.com/Skywork_ai,rss,P2,active,,,,,,,imported from myrss.tailscale.opml
SocialMedia,Y,,Firecrawl(@firecrawl_dev),https://api.xgo.ing/rss/user/c04abb206bbf4f91b22795024d6c0614,https://x.com/firecrawl_dev,rss,P2,active,,,,,,,imported from myrss.tailscale.opml
SocialMedia,Y,,Adam D'Angelo(@adamdangelo),https://api.xgo.ing/rss/user/3042b6f912b24f64982cc23f7bd59681,https://x.com/adamdangelo,rss,P2,active,,,,,,,imported from myrss.tailscale.opml
SocialMedia,Y,,Suhail(@Suhail),https://api.xgo.ing/rss/user/c961547e08df4396b3ab69367a07a1cd,https://x.com/Suhail,rss,P2,active,,,,,,,imported from myrss.tailscale.opml
SocialMedia,Y,,Sualeh Asif(@sualehasif996),https://api.xgo.ing/rss/user/fafa6df3c67644b1a367a177240e0173,https://x.com/sualehasif996,rss,P2,active,,,,,,,imported from myrss.tailscale.opml
SocialMedia,Y,,Anthropic(@AnthropicAI),https://api.xgo.ing/rss/user/fc28a211471b496682feff329ec616e5,https://x.com/AnthropicAI,rss,P2,active,,,,,,,imported from myrss.tailscale.opml
SocialMedia,Y,,AI Engineer(@aiDotEngineer),https://api.xgo.ing/rss/user/7d19a619a1cc4a9896129211269d2c85,https://x.com/aiDotEngineer,rss,P2,active,,,,,,,imported from myrss.tailscale.opml
SocialMedia,Y,,Hailuo AI (MiniMax)(@Hailuo_AI),https://api.xgo.ing/rss/user/e65b5e59fcb544918c1ba17f5758f0f8,https://x.com/Hailuo_AI,rss,P2,active,,,,,,,imported from myrss.tailscale.opml
SocialMedia,Y,,Fireworks AI(@FireworksAI_HQ),https://api.xgo.ing/rss/user/9f35c76341554bd78c2b9e63dc4fa5d8,https://x.com/FireworksAI_HQ,rss,P2,active,,,,,,,imported from myrss.tailscale.opml
SocialMedia,Y,,Justine Moore(@venturetwins),https://api.xgo.ing/rss/user/c61046471f174d86bc0eb76cb44a21c3,https://x.com/venturetwins,rss,P2,active,,,,,,,imported from myrss.tailscale.opml
SocialMedia,Y,,OpenAI Developers(@OpenAIDevs),https://api.xgo.ing/rss/user/971dc1fc90da449bac23e5fad8a33d55,https://x.com/OpenAIDevs,rss,P2,active,,,,,,,imported from myrss.tailscale.opml
SocialMedia,Y,,bolt.new(@boltdotnew),https://api.xgo.ing/rss/user/760ab7cd9708452c9ce1f9144b92a430,https://x.com/boltdotnew,rss,P2,active,,,,,,,imported from myrss.tailscale.opml
SocialMedia,Y,,Midjourney(@midjourney),https://api.xgo.ing/rss/user/72dd496bfd9d44c5a5761a974630376d,https://x.com/midjourney,rss,P2,active,,,,,,,imported from myrss.tailscale.opml
SocialMedia,Y,,eric zakariasson(@ericzakariasson),https://api.xgo.ing/rss/user/65f321be670b4ffba7f40d0afd38c94d,https://x.com/ericzakariasson,rss,P2,active,,,,,,,imported from myrss.tailscale.opml
SocialMedia,Y,,Sam Altman(@sama),https://api.xgo.ing/rss/user/e30d4cd223f44bed9d404807105c8927,https://x.com/sama,rss,P2,active,,,,,,,imported from myrss.tailscale.opml
SocialMedia,Y,,clem &#129303;(@ClementDelangue),https://api.xgo.ing/rss/user/5dbd038a8f5140938d0877511571797b,https://x.com/ClementDelangue,rss,P2,active,,,,,,,imported from myrss.tailscale.opml
SocialMedia,Y,,LangChain(@LangChainAI),https://api.xgo.ing/rss/user/862fee50a745423c87e2633b274caf1d,https://x.com/LangChainAI,rss,P2,active,,,,,,,imported from myrss.tailscale.opml
SocialMedia,Y,,orange.ai(@oran_ge),https://api.xgo.ing/rss/user/0277b0bbefd54df7bc6b7880122da8f7,https://x.com/oran_ge,rss,P2,active,,,,,,,imported from myrss.tailscale.opml
SocialMedia,Y,,Dario Amodei(@DarioAmodei),https://api.xgo.ing/rss/user/49666ce6fe3e4cb786c6574684542ec5,https://x.com/DarioAmodei,rss,P2,active,,,,,,,imported from myrss.tailscale.opml
SocialMedia,Y,,Geoffrey Hinton(@geoffreyhinton),https://api.xgo.ing/rss/user/cb6169815e2e447e8e6148a4af3f9686,https://x.com/geoffreyhinton,rss,P2,active,,,,,,,imported from myrss.tailscale.opml
SocialMedia,Y,,Harrison Chase(@hwchase17),https://api.xgo.ing/rss/user/f299207df53745bca04a03db8d11c5aa,https://x.com/hwchase17,rss,P2,active,,,,,,,imported from myrss.tailscale.opml
SocialMedia,Y,,Kevin Weil &#127482;&#127480;(@kevinweil),https://api.xgo.ing/rss/user/3ca3c7698fd04611a0e7d14fae93c84c,https://x.com/kevinweil,rss,P2,active,,,,,,,imported from myrss.tailscale.opml
SocialMedia,Y,,Jeff Dean(@JeffDean),https://api.xgo.ing/rss/user/b1013166769c49f8aa3fbdc222867054,https://x.com/JeffDean,rss,P2,active,,,,,,,imported from myrss.tailscale.opml
SocialMedia,Y,,Perplexity(@perplexity_ai),https://api.xgo.ing/rss/user/fdd601ea751949e7bec9e4cdad7c8e6c,https://x.com/perplexity_ai,rss,P2,active,,,,,,,imported from myrss.tailscale.opml
SocialMedia,Y,,ChatGPT(@ChatGPTapp),https://api.xgo.ing/rss/user/f7992687b8d74b14bf2341eb3a0a5ec4,https://x.com/ChatGPTapp,rss,P2,active,,,,,,,imported from myrss.tailscale.opml
SocialMedia,Y,,Berkeley AI Research(@berkeley_ai),https://api.xgo.ing/rss/user/6bbf31cac345443585c3280320ba9009,https://x.com/berkeley_ai,rss,P2,active,,,,,,,imported from myrss.tailscale.opml
SocialMedia,Y,,Paul Couvert(@itsPaulAi),https://api.xgo.ing/rss/user/b9912ac9a29042cf8c834419dc44cb1f,https://x.com/itsPaulAi,rss,P2,active,,,,,,,imported from myrss.tailscale.opml
SocialMedia,Y,,Barsee &#128054;(@heyBarsee),https://api.xgo.ing/rss/user/244eb9fa77ce4fa3b7fa5ceba80027a4,https://x.com/heyBarsee,rss,P2,active,,,,,,,imported from myrss.tailscale.opml
SocialMedia,Y,,OpenAI(@OpenAI),https://api.xgo.ing/rss/user/0c0856a69f9f49cf961018c32a0b0049,https://x.com/OpenAI,rss,P2,active,,,,,,,imported from myrss.tailscale.opml
SocialMedia,Y,,Binyuan Hui(@huybery),https://api.xgo.ing/rss/user/f54b2b40185943ce8f48a880110b7bc2,https://x.com/huybery,rss,P2,active,,,,,,,imported from myrss.tailscale.opml
SocialMedia,Y,,cohere(@cohere),https://api.xgo.ing/rss/user/462aa134ed914f98b3491680ad9b36ed,https://x.com/cohere,rss,P2,active,,,,,,,imported from myrss.tailscale.opml
SocialMedia,Y,,Aman Sanger(@amanrsanger),https://api.xgo.ing/rss/user/a02496979a0e4d86baf2b72c24db52a4,https://x.com/amanrsanger,rss,P2,active,,,,,,,imported from myrss.tailscale.opml
SocialMedia,Y,,Simon Willison(@simonw),https://api.xgo.ing/rss/user/30ad80be93c84e44acc37d5ddf31db57,https://x.com/simonw,rss,P2,active,,,,,,,imported from myrss.tailscale.opml
SocialMedia,Y,,Microsoft Research(@MSFTResearch),https://api.xgo.ing/rss/user/61f4b78554fb4b8fa5653ec5d924d15a,https://x.com/MSFTResearch,rss,P2,active,,,,,,,imported from myrss.tailscale.opml
SocialMedia,Y,,Yann LeCun(@ylecun),https://api.xgo.ing/rss/user/f5f4f928dede472ea55053672ad27ab6,https://x.com/ylecun,rss,P2,active,,,,,,,imported from myrss.tailscale.opml
SocialMedia,Y,,Junyang Lin(@JustinLin610),https://api.xgo.ing/rss/user/082097117b4543e9a741cd2580f936d3,https://x.com/JustinLin610,rss,P2,active,,,,,,,imported from myrss.tailscale.opml
SocialMedia,Y,,Alex Albert(@alexalbert__),https://api.xgo.ing/rss/user/524525de0d69407b80f0a7d891fdc8df,https://x.com/alexalbert__,rss,P2,active,,,,,,,imported from myrss.tailscale.opml
SocialMedia,Y,,Aravind Srinivas(@AravSrinivas),https://api.xgo.ing/rss/user/59e6b63ae9684d11be0ae13d9e7420f2,https://x.com/AravSrinivas,rss,P2,active,,,,,,,imported from myrss.tailscale.opml
SocialMedia,Y,,Genspark(@genspark_ai),https://api.xgo.ing/rss/user/71ffd342cb5d478185ef7d55bdfca011,https://x.com/genspark_ai,rss,P2,active,,,,,,,imported from myrss.tailscale.opml
SocialMedia,Y,,Greg Brockman(@gdb),https://api.xgo.ing/rss/user/af19d054e26a49129f23abfa82d9e268,https://x.com/gdb,rss,P2,active,,,,,,,imported from myrss.tailscale.opml
SocialMedia,Y,,elvis(@omarsar0),https://api.xgo.ing/rss/user/931d6e88e067496cac6bf23f69d60f33,https://x.com/omarsar0,rss,P2,active,,,,,,,imported from myrss.tailscale.opml
SocialMedia,Y,,Google AI(@GoogleAI),https://api.xgo.ing/rss/user/4de0bd2d5cef4333a0260dc8157054a7,https://x.com/GoogleAI,rss,P2,active,,,,,,,imported from myrss.tailscale.opml
SocialMedia,Y,,LlamaIndex &#129433;(@llama_index),https://api.xgo.ing/rss/user/67e259bd5be544ce84bbc867eace54c2,https://x.com/llama_index,rss,P2,active,,,,,,,imported from myrss.tailscale.opml
SocialMedia,Y,,Jerry Liu(@jerryjliu0),https://api.xgo.ing/rss/user/b3d904c0d7c446558ef3a1e7f2eb362b,https://x.com/jerryjliu0,rss,P2,active,,,,,,,imported from myrss.tailscale.opml
SocialMedia,Y,,Marc Andreessen &#127482;&#127480;(@pmarca),https://api.xgo.ing/rss/user/63316630d94543f5a6480f230f483008,https://x.com/pmarca,rss,P2,active,,,,,,,imported from myrss.tailscale.opml
SocialMedia,Y,,Justin Welsh(@thejustinwelsh),https://api.xgo.ing/rss/user/58894bf2934a426ca833c682da2bc810,https://x.com/thejustinwelsh,rss,P2,active,,,,,,,imported from myrss.tailscale.opml
SocialMedia,Y,,Pika(@pika_labs),https://api.xgo.ing/rss/user/3306d8b253ec4e03aca3c2e9967e7119,https://x.com/pika_labs,rss,P2,active,,,,,,,imported from myrss.tailscale.opml
SocialMedia,Y,,Sundar Pichai(@sundarpichai),https://api.xgo.ing/rss/user/8324d65a63dc42c584a8c08cc8323c9f,https://x.com/sundarpichai,rss,P2,active,,,,,,,imported from myrss.tailscale.opml
SocialMedia,Y,,Lovable(@lovable_dev),https://api.xgo.ing/rss/user/639cd13d44284e10ac89fbd1c5399767,https://x.com/lovable_dev,rss,P2,active,,,,,,,imported from myrss.tailscale.opml
SocialMedia,Y,,cat(@_catwu),https://api.xgo.ing/rss/user/66a6b39ddcfa42e39621e0ab293c1bdd,https://x.com/_catwu,rss,P2,active,,,,,,,imported from myrss.tailscale.opml
SocialMedia,Y,,Anton Osika – eu/acc(@antonosika),https://api.xgo.ing/rss/user/5f13b32b124a41cfb659f903a84032b1,https://x.com/antonosika,rss,P2,active,,,,,,,imported from myrss.tailscale.opml
SocialMedia,Y,,Replit ⠕(@Replit),https://api.xgo.ing/rss/user/613f859e4bc440c5a28f40732840f5cf,https://x.com/Replit,rss,P2,active,,,,,,,imported from myrss.tailscale.opml
SocialMedia,Y,,FlowiseAI(@FlowiseAI),https://api.xgo.ing/rss/user/be74da51698d4cefb12b39830d6cd201,https://x.com/FlowiseAI,rss,P2,active,,,,,,,imported from myrss.tailscale.opml
SocialMedia,Y,,a16z(@a16z),https://api.xgo.ing/rss/user/f3fedf817599470dbf8d8d11f0872475,https://x.com/a16z,rss,P2,active,,,,,,,imported from myrss.tailscale.opml
SocialMedia,Y,,李继刚(@lijigang_com),https://api.xgo.ing/rss/user/ca2fa444b6ea4b8b974fe148056e497a,https://x.com/lijigang_com,rss,P2,active,,,,,,,imported from myrss.tailscale.opml
SocialMedia,Y,,Jina AI(@JinaAI_),https://api.xgo.ing/rss/user/f510f6e7eecf456ca7e2895a46752888,https://x.com/JinaAI_,rss,P2,active,,,,,,,imported from myrss.tailscale.opml
SocialMedia,Y,,v0(@v0),https://api.xgo.ing/rss/user/dbf37973e6fc4eae91d4be9669a78fc7,https://x.com/v0,rss,P2,active,,,,,,,imported from myrss.tailscale.opml
SocialMedia,Y,,Andrej Karpathy(@karpathy),https://api.xgo.ing/rss/user/edf707b5c0b248579085f66d7a3c5524,https://x.com/karpathy,rss,P2,active,,,,,,,imported from myrss.tailscale.opml
SocialMedia,Y,,Fei-Fei Li(@drfeifei),https://api.xgo.ing/rss/user/a4bfe44bfc0d4c949da21ebd3f5f42a5,https://x.com/drfeifei,rss,P2,active,,,,,,,imported from myrss.tailscale.opml
SocialMedia,Y,,DeepLearning.AI(@DeepLearningAI),https://api.xgo.ing/rss/user/42e6b4901b97498eab2ab64c07d56177,https://x.com/DeepLearningAI,rss,P2,active,,,,,,,imported from myrss.tailscale.opml
SocialMedia,Y,,Rowan Cheung(@rowancheung),https://api.xgo.ing/rss/user/a636de3cbda0495daabd15b9fd298614,https://x.com/rowancheung,rss,P2,active,,,,,,,imported from myrss.tailscale.opml
SocialMedia,Y,,Latent.Space(@latentspacepod),https://api.xgo.ing/rss/user/a7be8b61a1264ea7984abfaea3eff686,https://x.com/latentspacepod,rss,P2,active,,,,,,,imported from myrss.tailscale.opml
SocialMedia,Y,,Ideogram(@ideogram_ai),https://api.xgo.ing/rss/user/a719880fe66e4156a111187f50dae91b,https://x.com/ideogram_ai,rss,P2,active,,,,,,,imported from myrss.tailscale.opml
SocialMedia,Y,,Demis Hassabis(@demishassabis),https://api.xgo.ing/rss/user/4a884d5e2f3740c5a26c9c093de6388a,https://x.com/demishassabis,rss,P2,active,,,,,,,imported from myrss.tailscale.opml
SocialMedia,Y,,Cognition(@cognition_labs),https://api.xgo.ing/rss/user/4cc14cbd15c74e189d537c415369e1a7,https://x.com/cognition_labs,rss,P2,active,,,,,,,imported from myrss.tailscale.opml
SocialMedia,Y,,andrew chen(@andrewchen),https://api.xgo.ing/rss/user/a3eb6beb2d894da3a9b7ab6d2e46790e,https://x.com/andrewchen,rss,P2,active,,,,,,,imported from myrss.tailscale.opml
SocialMedia,Y,,NVIDIA AI(@NVIDIAAI),https://api.xgo.ing/rss/user/05f1492e43514dc3862a076d3697c390,https://x.com/NVIDIAAI,rss,P2,active,,,,,,,imported from myrss.tailscale.opml
SocialMedia,Y,,Stanford AI Lab(@StanfordAILab),https://api.xgo.ing/rss/user/d5fc365556e641cba2278f501e8c6f92,https://x.com/StanfordAILab,rss,P2,active,,,,,,,imported from myrss.tailscale.opml
SocialMedia,Y,,Varun Mohan(@_mohansolo),https://api.xgo.ing/rss/user/7794c4268a504019a94af1778857a703,https://x.com/_mohansolo,rss,P2,active,,,,,,,imported from myrss.tailscale.opml
SocialMedia,Y,,Logan Kilpatrick(@OfficialLoganK),https://api.xgo.ing/rss/user/4f63d960de644aeebd0aa97e4994dafe,https://x.com/OfficialLoganK,rss,P2,active,,,,,,,imported from myrss.tailscale.opml
SocialMedia,Y,,Qdrant(@qdrant_engine),https://api.xgo.ing/rss/user/a55f6e33dd224235aabaabaaf9d58a06,https://x.com/qdrant_engine,rss,P2,active,,,,,,,imported from myrss.tailscale.opml
SocialMedia,Y,,OpenRouter(@OpenRouterAI),https://api.xgo.ing/rss/user/e503a90c035c4b1d8f8dd34907d15bf4,https://x.com/OpenRouterAI,rss,P2,active,,,,,,,imported from myrss.tailscale.opml
SocialMedia,Y,,Thomas Wolf(@Thom_Wolf),https://api.xgo.ing/rss/user/4918efb13c47459b8dcaa79cfdf72d09,https://x.com/Thom_Wolf,rss,P2,active,,,,,,,imported from myrss.tailscale.opml
SocialMedia,Y,,mem0(@mem0ai),https://api.xgo.ing/rss/user/94bb691baeff461686326af619beb116,https://x.com/mem0ai,rss,P2,active,,,,,,,imported from myrss.tailscale.opml
SocialMedia,Y,,Scott Wu(@ScottWu46),https://api.xgo.ing/rss/user/5fca8ccd87344d388bc863304ed6fd86,https://x.com/ScottWu46,rss,P2,active,,,,,,,imported from myrss.tailscale.opml
SocialMedia,Y,,Recraft(@recraftai),https://api.xgo.ing/rss/user/acc648327c614d9b985b9fc3d737165b,https://x.com/recraftai,rss,P2,active,,,,,,,imported from myrss.tailscale.opml
SocialMedia,Y,,Hunyuan(@TXhunyuan),https://api.xgo.ing/rss/user/6e8e7b42cb434818810f87bcf77d86fb,https://x.com/TXhunyuan,rss,P2,active,,,,,,,imported from myrss.tailscale.opml
SocialMedia,Y,,Google DeepMind(@GoogleDeepMind),https://api.xgo.ing/rss/user/a99538443a484fcc846bdcc8f50745ec,https://x.com/GoogleDeepMind,rss,P2,active,,,,,,,imported from myrss.tailscale.opml
SocialMedia,Y,,Mustafa Suleyman(@mustafasuleyman),https://api.xgo.ing/rss/user/394acfaff8c44e09936f5bc0b8504f2c,https://x.com/mustafasuleyman,rss,P2,active,,,,,,,imported from myrss.tailscale.opml
SocialMedia,Y,,Y Combinator(@ycombinator),https://api.xgo.ing/rss/user/b1ab109f6afd42ab8ea32e17a19a3a3e,https://x.com/ycombinator,rss,P2,active,,,,,,,imported from myrss.tailscale.opml
SocialMedia,Y,,Lex Fridman(@lexfridman),https://api.xgo.ing/rss/user/adf65931519340f795e2336910b4cd15,https://x.com/lexfridman,rss,P2,active,,,,,,,imported from myrss.tailscale.opml
SocialMedia,Y,,Fellou(@FellouAI),https://api.xgo.ing/rss/user/326763c2f6154826babcfd71c5ab0f70,https://x.com/FellouAI,rss,P2,active,,,,,,,imported from myrss.tailscale.opml
SocialMedia,Y,,Runway(@runwayml),https://api.xgo.ing/rss/user/e6bb4f612dd24db5bc1a6811e6dd5820,https://x.com/runwayml,rss,P2,active,,,,,,,imported from myrss.tailscale.opml
SocialMedia,Y,,Julien Chaumond(@julien_c),https://api.xgo.ing/rss/user/44d9fa384087448a94d3c8595f8d535e,https://x.com/julien_c,rss,P2,active,,,,,,,imported from myrss.tailscale.opml
SocialMedia,Y,,宝玉(@dotey),https://api.xgo.ing/rss/user/97f1484ae48c430fbbf3438099743674,https://x.com/dotey,rss,P2,active,,,,,,,imported from myrss.tailscale.opml
SocialMedia,Y,,Milvus(@milvusio),https://api.xgo.ing/rss/user/424e67b19eed4500b7a440976bbd2ade,https://x.com/milvusio,rss,P2,active,,,,,,,imported from myrss.tailscale.opml
SocialMedia,Y,,Ian Goodfellow(@goodfellow_ian),https://api.xgo.ing/rss/user/57831559d22440debbfb2f2528e4ba84,https://x.com/goodfellow_ian,rss,P2,active,,,,,,,imported from myrss.tailscale.opml
SocialMedia,Y,,Taranjeet(@taranjeetio),https://api.xgo.ing/rss/user/2de92402f4a24c90bb27e7580b93a878,https://x.com/taranjeetio,rss,P2,active,,,,,,,imported from myrss.tailscale.opml
SocialMedia,Y,,Figma(@figma),https://api.xgo.ing/rss/user/f8a106a09a7d404fb8de7eb0c5ddd2a2,https://x.com/figma,rss,P2,active,,,,,,,imported from myrss.tailscale.opml
SocialMedia,Y,,Patrick Loeber(@patloeber),https://api.xgo.ing/rss/user/c65c68f3713747bba863f92d6b5e996f,https://x.com/patloeber,rss,P2,active,,,,,,,imported from myrss.tailscale.opml
SocialMedia,Y,,Windsurf(@windsurf_ai),https://api.xgo.ing/rss/user/4a8273800ed34a069eecdb6c5c1b9ccf,https://x.com/windsurf_ai,rss,P2,active,,,,,,,imported from myrss.tailscale.opml
SocialMedia,Y,,Google AI Developers(@googleaidevs),https://api.xgo.ing/rss/user/69d925d4a8d44221b03eecbe07bd0f74,https://x.com/googleaidevs,rss,P2,active,,,,,,,imported from myrss.tailscale.opml
SocialMedia,Y,,Qwen(@Alibaba_Qwen),https://api.xgo.ing/rss/user/80032d016d654eb4afe741ff34b7643d,https://x.com/Alibaba_Qwen,rss,P2,active,,,,,,,imported from myrss.tailscale.opml
SocialMedia,Y,,Satya Nadella(@satyanadella),https://api.xgo.ing/rss/user/baa68dbd9a9e461a96fd9b2e3f35dcbf,https://x.com/satyanadella,rss,P2,active,,,,,,,imported from myrss.tailscale.opml
SocialMedia,Y,,Andrew Ng(@AndrewYNg),https://api.xgo.ing/rss/user/08b5488b20bc437c8bfc317a52e5c26d,https://x.com/AndrewYNg,rss,P2,active,,,,,,,imported from myrss.tailscale.opml
SocialMedia,Y,,AI SDK(@aisdk),https://api.xgo.ing/rss/user/22af005b21ec45b1a4503acca777b7f0,https://x.com/aisdk,rss,P2,active,,,,,,,imported from myrss.tailscale.opml
SocialMedia,Y,,HeyGen(@HeyGen_Official),https://api.xgo.ing/rss/user/a9aff6b016c143ed8728dd86eb70d7db,https://x.com/HeyGen_Official,rss,P2,active,,,,,,,imported from myrss.tailscale.opml
SocialMedia,Y,,Fish Audio(@FishAudio),https://api.xgo.ing/rss/user/4900b3dcd592424687582ff9e0f148ea,https://x.com/FishAudio,rss,P2,active,,,,,,,imported from myrss.tailscale.opml
SocialMedia,Y,,ElevenLabs(@elevenlabsio),https://api.xgo.ing/rss/user/1897eed387064dfab443764d6da50bc6,https://x.com/elevenlabsio,rss,P2,active,,,,,,,imported from myrss.tailscale.opml
SocialMedia,Y,,ollama(@ollama),https://api.xgo.ing/rss/user/6326c63a2dfa445bbde88bea0c3112c2,https://x.com/ollama,rss,P2,active,,,,,,,imported from myrss.tailscale.opml
SocialMedia,Y,,Philipp Schmid(@_philschmid),https://api.xgo.ing/rss/user/ce352bbf72e44033985bc756db2ee0e2,https://x.com/_philschmid,rss,P2,active,,,,,,,imported from myrss.tailscale.opml
SocialMedia,Y,,Cursor(@cursor_ai),https://api.xgo.ing/rss/user/5287b4e0e13a4ab7ab7b1d56f9d88960,https://x.com/cursor_ai,rss,P2,active,,,,,,,imported from myrss.tailscale.opml
SocialMedia,Y,,Google Gemini App(@GeminiApp),https://api.xgo.ing/rss/user/6fb337feeec44ca38b79491b971d868d,https://x.com/GeminiApp,rss,P2,active,,,,,,,imported from myrss.tailscale.opml
SocialMedia,Y,,Amjad Masad(@amasad),https://api.xgo.ing/rss/user/5fb1814c610c4af2911caa98c5c5ef82,https://x.com/amasad,rss,P2,active,,,,,,,imported from myrss.tailscale.opml
SocialMedia,Y,,AK(@_akhaliq),https://api.xgo.ing/rss/user/341f7b9f8d9b477e8bb200caa7f32c6e,https://x.com/_akhaliq,rss,P2,active,,,,,,,imported from myrss.tailscale.opml
SocialMedia,Y,,Groq Inc(@GroqInc),https://api.xgo.ing/rss/user/771b32075fe54a83bdb6966de9647b4f,https://x.com/GroqInc,rss,P2,active,,,,,,,imported from myrss.tailscale.opml
SocialMedia,Y,,ManusAI(@ManusAI_HQ),https://api.xgo.ing/rss/user/320181c4651a41a08015946b55f704ab,https://x.com/ManusAI_HQ,rss,P2,active,,,,,,,imported from myrss.tailscale.opml
SocialMedia,Y,,meng shao(@shao__meng),https://api.xgo.ing/rss/user/48aae530e0bf413aa7d44380f418e2e3,https://x.com/shao__meng,rss,P2,active,,,,,,,imported from myrss.tailscale.opml
SocialMedia,Y,,Weaviate • vector database(@weaviate_io),https://api.xgo.ing/rss/user/2f1035ec6b28475987af06b600e1d04c,https://x.com/weaviate_io,rss,P2,active,,,,,,,imported from myrss.tailscale.opml
SocialMedia,Y,,LovartAI(@lovart_ai),https://api.xgo.ing/rss/user/db648e4d4eae4822aa0d34f0faef7ad2,https://x.com/lovart_ai,rss,P2,active,,,,,,,imported from myrss.tailscale.opml
SocialMedia,Y,,Character.AI(@character_ai),https://api.xgo.ing/rss/user/3877c31cdb554cffb750b3b683c98c4d,https://x.com/character_ai,rss,P2,active,,,,,,,imported from myrss.tailscale.opml
SocialMedia,Y,,NotebookLM(@NotebookLM),https://api.xgo.ing/rss/user/221a88341acb475db221a12fed8208d0,https://x.com/NotebookLM,rss,P2,active,,,,,,,imported from myrss.tailscale.opml
SocialMedia,Y,,Dify(@dify_ai),https://api.xgo.ing/rss/user/0be252fedbe84ad7bea21be44b18da89,https://x.com/dify_ai,rss,P2,active,,,,,,,imported from myrss.tailscale.opml
SocialMedia,Y,,Eric Jing(@ericjing_ai),https://api.xgo.ing/rss/user/ddfdcdd4e390495c942f0b5da62af0fb,https://x.com/ericjing_ai,rss,P2,active,,,,,,,imported from myrss.tailscale.opml
SocialMedia,Y,,Naval(@naval),https://api.xgo.ing/rss/user/b43bc203409e4c5a9c3ae86fe1ac00c9,https://x.com/naval,rss,P2,active,,,,,,,imported from myrss.tailscale.opml
SocialMedia,Y,,Twitter @Tom Huang,https://macmini-rsshub.tail99ecfa.ts.net/twitter/user/tuturetom,https://x.com/tuturetom,rss,P2,active,,,,,,,
SocialMedia,Y,,Twitter @Tw93,https://macmini-rsshub.tail99ecfa.ts.net/twitter/user/HiTw93,https://x.com/HiTw93,rss,P2,active,,,,,,,
SocialMedia,Y,,Twitter @ginobefun,https://macmini-rsshub.tail99ecfa.ts.net/twitter/user/hongming731,https://x.com/hongming731,rss,P2,active,,,,,,,
SocialMedia,Y,,Twitter @Theo - t3.gg,https://macmini-rsshub.tail99ecfa.ts.net/twitter/user/theo,https://x.com/theo,rss,P2,active,,,,,,,
SocialMedia,Y,,Lee Robinson(@leerob),https://api.xgo.ing/rss/user/dc2426bc8348495189b45451d1707a1c,https://x.com/leerob,rss,P2,active,,,,,,,
SocialMedia,Y,,Twitter @Pietro Schirano,https://macmini-rsshub.tail99ecfa.ts.net/twitter/user/skirano,https://x.com/skirano,rss,P2,active,,,,,,,
Pictures,Y,星空,每日一图-北京天文馆,https://macmini-rsshub.tail99ecfa.ts.net/bjp/apod,https://www.bjp.org.cn/APOD/list.shtml,rss,P2,active,,,,,,,imported from myrss.tailscale.opml
Pictures,Y,星空,NASA中文 - 天文·每日一图,https://macmini-rsshub.tail99ecfa.ts.net/nasa/apod-cn,https://www.nasachina.cn/nasa-image-of-the-day,rss,P2,active,,,,,,,imported from myrss.tailscale.opml
Videos,Y,长知识,AliAbdaal,https://macmini-rsshub.tail99ecfa.ts.net/bilibili/user/video/3546581580122806,https://space.bilibili.com/3546581580122806,rss,P2,active,,,,,route=bilibili/user/video,,imported from myrss.tailscale.opml
Videos,Y,长知识,食事史馆,https://macmini-rsshub.tail99ecfa.ts.net/bilibili/user/video/53737196,https://space.bilibili.com/53737196,rss,P2,active,,,,,route=bilibili/user/video,,imported from myrss.tailscale.opml
Videos,Y,长知识,毕导,https://macmini-rsshub.tail99ecfa.ts.net/bilibili/user/video/254463269,https://space.bilibili.com/254463269,rss,P2,active,,,,,route=bilibili/user/video,,imported from myrss.tailscale.opml
Videos,Y,长知识,CoCoVii,https://macmini-rsshub.tail99ecfa.ts.net/bilibili/user/video/9142182,https://space.bilibili.com/9142182,rss,P2,active,,,,,route=bilibili/user/video,,imported from myrss.tailscale.opml
Videos,Y,长知识,下班的三爷,https://macmini-rsshub.tail99ecfa.ts.net/bilibili/user/video/589388395,https://space.bilibili.com/589388395,rss,P2,active,,,,,route=bilibili/user/video,,imported from myrss.tailscale.opml
Videos,Y,长知识,本子在隔壁,https://macmini-rsshub.tail99ecfa.ts.net/bilibili/user/video/593251783,https://space.bilibili.com/593251783,rss,P2,active,,,,,route=bilibili/user/video,,imported from myrss.tailscale.opml
Videos,Y,长知识,岱川博士,https://macmini-rsshub.tail99ecfa.ts.net/bilibili/user/video/584630077,https://space.bilibili.com/584630077,rss,P2,active,,,,,route=bilibili/user/video,,imported from myrss.tailscale.opml
Videos,Y,长知识,退役编辑雨上,https://macmini-rsshub.tail99ecfa.ts.net/bilibili/user/video/1105429038,https://space.bilibili.com/1105429038,rss,P2,active,,,,,route=bilibili/user/video,,imported from myrss.tailscale.opml
Videos,Y,长知识,与书籍度过漫长岁月,https://macmini-rsshub.tail99ecfa.ts.net/bilibili/user/video/252099076,https://space.bilibili.com/252099076,rss,P2,active,,,,,route=bilibili/user/video,,imported from myrss.tailscale.opml
Videos,Y,长知识,智能路障,https://macmini-rsshub.tail99ecfa.ts.net/bilibili/user/video/79577853,https://space.bilibili.com/79577853,rss,P2,active,,,,,route=bilibili/user/video,,imported from myrss.tailscale.opml
Videos,Y,长知识,Nenly同学,https://macmini-rsshub.tail99ecfa.ts.net/bilibili/user/video/1814756990,https://space.bilibili.com/1814756990,rss,P2,active,,,,,route=bilibili/user/video,,imported from myrss.tailscale.opml
Videos,Y,长知识,大问题Dialectic,https://macmini-rsshub.tail99ecfa.ts.net/bilibili/user/video/1871365234,https://space.bilibili.com/1871365234,rss,P2,active,,,,,route=bilibili/user/video,,imported from myrss.tailscale.opml
Videos,Y,长知识,英语播客狗,https://macmini-rsshub.tail99ecfa.ts.net/bilibili/user/video/7671890,https://space.bilibili.com/7671890,rss,P2,active,,,,,route=bilibili/user/video,,imported from myrss.tailscale.opml
Videos,Y,长知识,林川登罗,https://macmini-rsshub.tail99ecfa.ts.net/bilibili/user/video/3798056,https://space.bilibili.com/3798056,rss,P2,active,,,,,route=bilibili/user/video,,imported from myrss.tailscale.opml
Videos,Y,长知识,人间自习室,https://macmini-rsshub.tail99ecfa.ts.net/bilibili/user/video/29240784,https://space.bilibili.com/29240784,rss,P2,active,,,,,route=bilibili/user/video,,imported from myrss.tailscale.opml
Videos,Y,长知识,漫士沉思录,https://macmini-rsshub.tail99ecfa.ts.net/bilibili/user/video/266765166,https://space.bilibili.com/266765166,rss,P2,active,,,,,route=bilibili/user/video,,imported from myrss.tailscale.opml
Videos,Y,长知识,银屏系漫游指南,https://macmini-rsshub.tail99ecfa.ts.net/bilibili/user/video/674180538,https://space.bilibili.com/674180538,rss,P2,active,,,,,route=bilibili/user/video,,imported from myrss.tailscale.opml
Videos,Y,长知识,浮世叁千问,https://macmini-rsshub.tail99ecfa.ts.net/bilibili/user/video/435061656,https://space.bilibili.com/435061656,rss,P2,active,,,,,route=bilibili/user/video,,imported from myrss.tailscale.opml
Videos,Y,长知识,LunaticMosfet,https://macmini-rsshub.tail99ecfa.ts.net/bilibili/user/video/1297592012,https://space.bilibili.com/1297592012,rss,P2,active,,,,,route=bilibili/user/video,,imported from myrss.tailscale.opml
Videos,Y,长知识,歌白说Geslook,https://macmini-rsshub.tail99ecfa.ts.net/bilibili/user/video/315846984,https://space.bilibili.com/315846984,rss,P2,active,,,,,route=bilibili/user/video,,imported from myrss.tailscale.opml
Videos,Y,长知识,Larry想做技术大佬,https://macmini-rsshub.tail99ecfa.ts.net/bilibili/user/video/19873195,https://space.bilibili.com/19873195,rss,P2,active,,,,,route=bilibili/user/video,,imported from myrss.tailscale.opml
Videos,Y,长知识,赏味不足,https://macmini-rsshub.tail99ecfa.ts.net/bilibili/user/video/44497027,https://space.bilibili.com/44497027,rss,P2,active,,,,,route=bilibili/user/video,,imported from myrss.tailscale.opml
Videos,Y,长知识,西山在何许,https://macmini-rsshub.tail99ecfa.ts.net/bilibili/user/video/2515311,https://space.bilibili.com/2515311,rss,P2,active,,,,,route=bilibili/user/video,,imported from myrss.tailscale.opml
Videos,Y,长知识,坚果熊说博弈,https://macmini-rsshub.tail99ecfa.ts.net/bilibili/user/video/388394328,https://space.bilibili.com/388394328,rss,P2,active,,,,,route=bilibili/user/video,,imported from myrss.tailscale.opml
Videos,Y,长知识,罗明落ny,https://macmini-rsshub.tail99ecfa.ts.net/bilibili/user/video/405303082,https://space.bilibili.com/405303082,rss,P2,active,,,,,route=bilibili/user/video,,imported from myrss.tailscale.opml
Videos,Y,长知识,汤质看本质,https://macmini-rsshub.tail99ecfa.ts.net/bilibili/user/video/362588980,https://space.bilibili.com/362588980,rss,P2,active,,,,,route=bilibili/user/video,,imported from myrss.tailscale.opml
Videos,Y,长知识,要素分析,https://macmini-rsshub.tail99ecfa.ts.net/bilibili/user/video/14262056,https://space.bilibili.com/14262056,rss,P2,active,,,,,route=bilibili/user/video,,imported from myrss.tailscale.opml
Videos,Y,长知识,蒙克MK_,https://macmini-rsshub.tail99ecfa.ts.net/bilibili/user/video/1060986358,https://space.bilibili.com/1060986358,rss,P2,active,,,,,route=bilibili/user/video,,imported from myrss.tailscale.opml
Videos,Y,长知识,Morpheus红丸主义,https://macmini-rsshub.tail99ecfa.ts.net/bilibili/user/video/445634559,https://space.bilibili.com/445634559,rss,P2,active,,,,,route=bilibili/user/video,,imported from myrss.tailscale.opml
Videos,Y,长知识,慢慢学的四饼,https://macmini-rsshub.tail99ecfa.ts.net/bilibili/user/video/95240876,https://space.bilibili.com/95240876,rss,P2,active,,,,,route=bilibili/user/video,,imported from myrss.tailscale.opml
Videos,Y,长知识,辰星杂谈,https://macmini-rsshub.tail99ecfa.ts.net/bilibili/user/video/41018196,https://space.bilibili.com/41018196,rss,P2,active,,,,,route=bilibili/user/video,,imported from myrss.tailscale.opml
Videos,Y,长知识,非卿漫谈,https://macmini-rsshub.tail99ecfa.ts.net/bilibili/user/video/2690044,https://space.bilibili.com/2690044,rss,P2,active,,,,,route=bilibili/user/video,,imported from myrss.tailscale.opml
Videos,Y,长知识,拣尽南枝,https://macmini-rsshub.tail99ecfa.ts.net/bilibili/user/video/39597640,https://space.bilibili.com/39597640,rss,P2,active,,,,,route=bilibili/user/video,,imported from myrss.tailscale.opml
Videos,Y,长知识,硬核学长2077,https://macmini-rsshub.tail99ecfa.ts.net/bilibili/user/video/1195497797,https://space.bilibili.com/1195497797,rss,P2,active,,,,,route=bilibili/user/video,,imported from myrss.tailscale.opml
Videos,Y,长知识,海林A读书,https://macmini-rsshub.tail99ecfa.ts.net/bilibili/user/video/3494374304385046,https://space.bilibili.com/3494374304385046,rss,P2,active,,,,,route=bilibili/user/video,,imported from myrss.tailscale.opml
Videos,Y,长知识,机器人夏先生1号,https://macmini-rsshub.tail99ecfa.ts.net/bilibili/user/video/31656484,https://space.bilibili.com/31656484,rss,P2,active,,,,,route=bilibili/user/video,,imported from myrss.tailscale.opml
Videos,Y,长知识,知识共享者,https://macmini-rsshub.tail99ecfa.ts.net/bilibili/user/video/406068046,https://space.bilibili.com/406068046,rss,P2,active,,,,,route=bilibili/user/video,,imported from myrss.tailscale.opml
Videos,Y,长知识,Maki的完美算术教室,https://macmini-rsshub.tail99ecfa.ts.net/bilibili/user/video/391930545,https://space.bilibili.com/391930545,rss,P2,active,,,,,route=bilibili/user/video,,imported from myrss.tailscale.opml
Videos,Y,长知识,心河摆渡,https://macmini-rsshub.tail99ecfa.ts.net/bilibili/user/video/230983435,https://space.bilibili.com/230983435,rss,P2,active,,,,,route=bilibili/user/video,,imported from myrss.tailscale.opml
Videos,Y,长知识,猴猴说话,https://macmini-rsshub.tail99ecfa.ts.net/bilibili/user/video/31728620,https://space.bilibili.com/31728620,rss,P2,active,,,,,route=bilibili/user/video,,imported from myrss.tailscale.opml
Videos,Y,长知识,3Blue1Brown,https://macmini-rsshub.tail99ecfa.ts.net/bilibili/user/video/88461692,https://space.bilibili.com/88461692,rss,P2,active,,,,,route=bilibili/user/video,,imported from myrss.tailscale.opml
Videos,Y,长知识,思维实验室,https://macmini-rsshub.tail99ecfa.ts.net/bilibili/user/video/14583962,https://space.bilibili.com/14583962,rss,P2,active,,,,,route=bilibili/user/video,,imported from myrss.tailscale.opml
Videos,Y,长知识,是落拓呀,https://macmini-rsshub.tail99ecfa.ts.net/bilibili/user/video/43276908,https://space.bilibili.com/43276908,rss,P2,active,,,,,route=bilibili/user/video,,imported from myrss.tailscale.opml
Videos,Y,长知识,学院派Academia,https://macmini-rsshub.tail99ecfa.ts.net/bilibili/user/video/96639395,https://space.bilibili.com/96639395,rss,P2,active,,,,,route=bilibili/user/video,,imported from myrss.tailscale.opml
Videos,Y,长知识,和张程一起学习吧,https://macmini-rsshub.tail99ecfa.ts.net/bilibili/user/video/631899631,https://space.bilibili.com/631899631,rss,P2,active,,,,,route=bilibili/user/video,,imported from myrss.tailscale.opml
Videos,Y,长知识,读书的Harry,https://macmini-rsshub.tail99ecfa.ts.net/bilibili/user/video/611092306,https://space.bilibili.com/611092306,rss,P2,active,,,,,route=bilibili/user/video,,imported from myrss.tailscale.opml
Videos,Y,长知识,小波心理,https://macmini-rsshub.tail99ecfa.ts.net/bilibili/user/video/1033890839,https://space.bilibili.com/1033890839,rss,P2,active,,,,,route=bilibili/user/video,,imported from myrss.tailscale.opml
Videos,Y,长知识,科幻视界,https://macmini-rsshub.tail99ecfa.ts.net/bilibili/user/video/25073738,https://space.bilibili.com/25073738,rss,P2,active,,,,,route=bilibili/user/video,,imported from myrss.tailscale.opml
Videos,Y,长知识,差评君,https://macmini-rsshub.tail99ecfa.ts.net/bilibili/user/video/19319172,https://space.bilibili.com/19319172,rss,P2,active,,,,,route=bilibili/user/video,,imported from myrss.tailscale.opml
Videos,Y,长知识,迷因水母,https://macmini-rsshub.tail99ecfa.ts.net/bilibili/user/video/1858861103,https://space.bilibili.com/1858861103,rss,P2,active,,,,,route=bilibili/user/video,,imported from myrss.tailscale.opml
Videos,Y,长知识,努力戒咕的coco锤,https://macmini-rsshub.tail99ecfa.ts.net/bilibili/user/video/470585121,https://space.bilibili.com/470585121,rss,P2,active,,,,,route=bilibili/user/video,,imported from myrss.tailscale.opml
Videos,Y,长知识,河口超人Aper,https://macmini-rsshub.tail99ecfa.ts.net/bilibili/user/video/1288663494,https://space.bilibili.com/1288663494,rss,P2,active,,,,,route=bilibili/user/video,,imported from myrss.tailscale.opml
Videos,Y,长知识,荒野初研园,https://macmini-rsshub.tail99ecfa.ts.net/bilibili/user/video/252411834,https://space.bilibili.com/252411834,rss,P2,active,,,,,route=bilibili/user/video,,imported from myrss.tailscale.opml
Videos,Y,长知识,二次元的Datawhale,https://macmini-rsshub.tail99ecfa.ts.net/bilibili/user/video/431850986,https://space.bilibili.com/431850986,rss,P2,active,,,,,route=bilibili/user/video,,imported from myrss.tailscale.opml
Videos,Y,长知识,白染one,https://macmini-rsshub.tail99ecfa.ts.net/bilibili/user/video/476051104,https://space.bilibili.com/476051104,rss,P2,active,,,,,route=bilibili/user/video,,imported from myrss.tailscale.opml
Videos,Y,长知识,卡纸大寨主,https://macmini-rsshub.tail99ecfa.ts.net/bilibili/user/video/17780825,https://space.bilibili.com/17780825,rss,P2,active,,,,,route=bilibili/user/video,,imported from myrss.tailscale.opml
Videos,Y,长知识,向杨Alan君,https://macmini-rsshub.tail99ecfa.ts.net/bilibili/user/video/495979610,https://space.bilibili.com/495979610,rss,P2,active,,,,,route=bilibili/user/video,,imported from myrss.tailscale.opml
Videos,Y,长知识,奥德修斯的绳索,https://macmini-rsshub.tail99ecfa.ts.net/bilibili/user/video/14004258,https://space.bilibili.com/14004258,rss,P2,active,,,,,route=bilibili/user/video,,imported from myrss.tailscale.opml
Videos,Y,长知识,岺玖贰叁,https://macmini-rsshub.tail99ecfa.ts.net/bilibili/user/video/521296768,https://space.bilibili.com/521296768,rss,P2,active,,,,,route=bilibili/user/video,,imported from myrss.tailscale.opml
Videos,Y,长知识,新石器公园,https://macmini-rsshub.tail99ecfa.ts.net/bilibili/user/video/489640651,https://space.bilibili.com/489640651,rss,P2,active,,,,,route=bilibili/user/video,,imported from myrss.tailscale.opml
Videos,Y,长知识,载脑体,https://macmini-rsshub.tail99ecfa.ts.net/bilibili/user/video/1850874570,https://space.bilibili.com/1850874570,rss,P2,active,,,,,route=bilibili/user/video,,imported from myrss.tailscale.opml
Videos,Y,长知识,YouTube深度访谈,https://macmini-rsshub.tail99ecfa.ts.net/bilibili/user/video/3493286931073848,https://space.bilibili.com/3493286931073848,rss,P2,active,,,,,route=bilibili/user/video,,imported from myrss.tailscale.opml
Videos,Y,长知识,天才简史,https://macmini-rsshub.tail99ecfa.ts.net/bilibili/user/video/213845897,https://space.bilibili.com/213845897,rss,P2,active,,,,,route=bilibili/user/video,,imported from myrss.tailscale.opml
Videos,Y,长知识,这是个令人疑惑的星球,https://macmini-rsshub.tail99ecfa.ts.net/bilibili/user/video/409842788,https://space.bilibili.com/409842788,rss,P2,active,,,,,route=bilibili/user/video,,imported from myrss.tailscale.opml
Videos,Y,长知识,周侃侃plus,https://macmini-rsshub.tail99ecfa.ts.net/bilibili/user/video/600428973,https://space.bilibili.com/600428973,rss,P2,active,,,,,route=bilibili/user/video,,imported from myrss.tailscale.opml
Videos,Y,长知识,focus2flow,https://macmini-rsshub.tail99ecfa.ts.net/bilibili/user/video/17549684,https://space.bilibili.com/17549684,rss,P2,active,,,,,,,imported from myrss.tailscale.opml
Videos,Y,短知识,飞鸟手札,https://macmini-rsshub.tail99ecfa.ts.net/bilibili/user/video/1366786686,https://space.bilibili.com/1366786686,rss,P2,active,,,,,route=bilibili/user/video,,imported from myrss.tailscale.opml
Videos,Y,短知识,英语播客党,https://macmini-rsshub.tail99ecfa.ts.net/bilibili/user/video/3537109151386355,https://space.bilibili.com/3537109151386355,rss,P2,active,,,,,route=bilibili/user/video,,imported from myrss.tailscale.opml
Videos,Y,最娱乐,波士顿圆脸,https://macmini-rsshub.tail99ecfa.ts.net/bilibili/user/video/346563107,https://space.bilibili.com/346563107,rss,P2,active,,,,,route=bilibili/user/video,,imported from myrss.tailscale.opml
Videos,Y,最娱乐,瓶子君152,https://macmini-rsshub.tail99ecfa.ts.net/bilibili/user/video/730732,https://space.bilibili.com/730732,rss,P2,active,,,,,route=bilibili/user/video,,imported from myrss.tailscale.opml
Videos,Y,最娱乐,Super也好君,https://macmini-rsshub.tail99ecfa.ts.net/bilibili/user/video/1372433,https://space.bilibili.com/1372433,rss,P2,active,,,,,route=bilibili/user/video,,imported from myrss.tailscale.opml
Videos,Y,最娱乐,负面能量转换器,https://macmini-rsshub.tail99ecfa.ts.net/bilibili/user/video/281127303,https://space.bilibili.com/281127303,rss,P2,active,,,,,route=bilibili/user/video,,imported from myrss.tailscale.opml
Videos,Y,最娱乐,靠谱电竞,https://macmini-rsshub.tail99ecfa.ts.net/bilibili/user/video/279991456,https://space.bilibili.com/279991456,rss,P2,active,,,,,route=bilibili/user/video,,imported from myrss.tailscale.opml
Videos,Y,最娱乐,火兰朋克,https://macmini-rsshub.tail99ecfa.ts.net/bilibili/user/video/508215481,https://space.bilibili.com/508215481,rss,P2,active,,,,,route=bilibili/user/video,,imported from myrss.tailscale.opml
Videos,Y,最娱乐,馆长刘下饭_环球档案,https://macmini-rsshub.tail99ecfa.ts.net/bilibili/user/video/369564778,https://space.bilibili.com/369564778,rss,P2,active,,,,,route=bilibili/user/video,,imported from myrss.tailscale.opml
Videos,Y,最娱乐,老实憨厚的笑笑,https://macmini-rsshub.tail99ecfa.ts.net/bilibili/user/video/8739477,https://space.bilibili.com/8739477,rss,P2,active,,,,,route=bilibili/user/video,,imported from myrss.tailscale.opml
Videos,Y,最娱乐,冲击波工作室,https://macmini-rsshub.tail99ecfa.ts.net/bilibili/user/video/1567045834,https://space.bilibili.com/1567045834,rss,P2,active,,,,,route=bilibili/user/video,,imported from myrss.tailscale.opml
Videos,Y,最娱乐,邵艾伦Alan,https://macmini-rsshub.tail99ecfa.ts.net/bilibili/user/video/4029133,https://space.bilibili.com/4029133,rss,P2,active,,,,,route=bilibili/user/video,,imported from myrss.tailscale.opml
Videos,Y,最娱乐,柯洁,https://macmini-rsshub.tail99ecfa.ts.net/bilibili/user/video/525952604,https://space.bilibili.com/525952604,rss,P2,active,,,,,route=bilibili/user/video,,imported from myrss.tailscale.opml
Videos,Y,最娱乐,逗比的雀巢,https://macmini-rsshub.tail99ecfa.ts.net/bilibili/user/video/5294454,https://space.bilibili.com/5294454,rss,P2,active,,,,,route=bilibili/user/video,,imported from myrss.tailscale.opml
Videos,Y,最娱乐,大祥哥来了,https://macmini-rsshub.tail99ecfa.ts.net/bilibili/user/video/2920960,https://space.bilibili.com/2920960,rss,P2,active,,,,,route=bilibili/user/video,,imported from myrss.tailscale.opml
Videos,Y,最娱乐,Norah脱口秀,https://macmini-rsshub.tail99ecfa.ts.net/bilibili/user/video/29404012,https://space.bilibili.com/29404012,rss,P2,active,,,,,route=bilibili/user/video,,imported from myrss.tailscale.opml
Videos,Y,最娱乐,巅峰球迷汇,https://macmini-rsshub.tail99ecfa.ts.net/bilibili/user/video/365372809,https://space.bilibili.com/365372809,rss,P2,active,,,,,route=bilibili/user/video,,imported from myrss.tailscale.opml
Videos,Y,最娱乐,MrBeast官方账号,https://macmini-rsshub.tail99ecfa.ts.net/bilibili/user/video/1027737427,https://space.bilibili.com/1027737427,rss,P2,active,,,,,route=bilibili/user/video,,imported from myrss.tailscale.opml
Videos,Y,最娱乐,泛式,https://macmini-rsshub.tail99ecfa.ts.net/bilibili/user/video/63231,https://space.bilibili.com/63231,rss,P2,active,,,,,route=bilibili/user/video,,imported from myrss.tailscale.opml
Videos,Y,最娱乐,贝拉kira,https://macmini-rsshub.tail99ecfa.ts.net/bilibili/user/video/672353429,https://space.bilibili.com/672353429,rss,P2,active,,,,,route=bilibili/user/video,,imported from myrss.tailscale.opml
Videos,Y,最娱乐,-LKs-,https://macmini-rsshub.tail99ecfa.ts.net/bilibili/user/video/125526,https://space.bilibili.com/125526,rss,P2,active,,,,,route=bilibili/user/video,,imported from myrss.tailscale.opml
Videos,Y,最娱乐,真实球迷汇,https://macmini-rsshub.tail99ecfa.ts.net/bilibili/user/video/108618052,https://space.bilibili.com/108618052,rss,P2,active,,,,,route=bilibili/user/video,,imported from myrss.tailscale.opml
Videos,Y,最娱乐,李滇滇,https://macmini-rsshub.tail99ecfa.ts.net/bilibili/user/video/3546676667091128,https://space.bilibili.com/3546676667091128,rss,P2,active,,,,,route=bilibili/user/video,,imported from myrss.tailscale.opml
Videos,Y,最娱乐,影视飓风,https://macmini-rsshub.tail99ecfa.ts.net/bilibili/user/video/946974,https://space.bilibili.com/946974,rss,P2,active,,,,,route=bilibili/user/video,,imported from myrss.tailscale.opml
Videos,Y,绝活娱乐,猫眼看足球,https://macmini-rsshub.tail99ecfa.ts.net/bilibili/user/video/456249922,https://space.bilibili.com/456249922,rss,P2,active,,,,,route=bilibili/user/video,,imported from myrss.tailscale.opml
Videos,Y,绝活娱乐,陈大东瓜,https://macmini-rsshub.tail99ecfa.ts.net/bilibili/user/video/269288799,https://space.bilibili.com/269288799,rss,P2,active,,,,,route=bilibili/user/video,,imported from myrss.tailscale.opml
Videos,Y,绝活娱乐,司马尘,https://macmini-rsshub.tail99ecfa.ts.net/bilibili/user/video/334932680,https://space.bilibili.com/334932680,rss,P2,active,,,,,route=bilibili/user/video,,imported from myrss.tailscale.opml
Videos,Y,绝活娱乐,是啤酒鸭-梗图,https://macmini-rsshub.tail99ecfa.ts.net/bilibili/user/video/1073153713,https://space.bilibili.com/1073153713,rss,P2,active,,,,,route=bilibili/user/video,,imported from myrss.tailscale.opml
Videos,Y,绝活娱乐,MOJi辞書,https://macmini-rsshub.tail99ecfa.ts.net/bilibili/user/video/6697975,https://space.bilibili.com/6697975,rss,P2,active,,,,,route=bilibili/user/video,,imported from myrss.tailscale.opml
Videos,Y,绝活娱乐,Gray格雷老师,https://macmini-rsshub.tail99ecfa.ts.net/bilibili/user/video/591610354,https://space.bilibili.com/591610354,rss,P2,active,,,,,route=bilibili/user/video,,imported from myrss.tailscale.opml
Videos,Y,绝活娱乐,你是想气死1酱么,https://macmini-rsshub.tail99ecfa.ts.net/bilibili/user/video/375040863,https://space.bilibili.com/375040863,rss,P2,active,,,,,route=bilibili/user/video,,imported from myrss.tailscale.opml
Videos,Y,绝活娱乐,Boo布姐自译,https://macmini-rsshub.tail99ecfa.ts.net/bilibili/user/video/3493128048740395,https://space.bilibili.com/3493128048740395,rss,P2,active,,,,,route=bilibili/user/video,,imported from myrss.tailscale.opml
Videos,Y,绝活娱乐,冲男阿凉,https://macmini-rsshub.tail99ecfa.ts.net/bilibili/user/video/239060440,https://space.bilibili.com/239060440,rss,P2,active,,,,,route=bilibili/user/video,,imported from myrss.tailscale.opml
Videos,Y,绝活娱乐,杰克森Jackson_,https://macmini-rsshub.tail99ecfa.ts.net/bilibili/user/video/13174980,https://space.bilibili.com/13174980,rss,P2,active,,,,,route=bilibili/user/video,,imported from myrss.tailscale.opml
Videos,Y,绝活娱乐,半只笨猪,https://macmini-rsshub.tail99ecfa.ts.net/bilibili/user/video/498505577,https://space.bilibili.com/498505577,rss,P2,active,,,,,route=bilibili/user/video,,imported from myrss.tailscale.opml
Videos,Y,绝活娱乐,脱口秀_Talk_Show,https://macmini-rsshub.tail99ecfa.ts.net/bilibili/user/video/514207628,https://space.bilibili.com/514207628,rss,P2,active,,,,,route=bilibili/user/video,,imported from myrss.tailscale.opml
Videos,Y,绝活娱乐,罗翔说刑法,https://macmini-rsshub.tail99ecfa.ts.net/bilibili/user/video/517327498,https://space.bilibili.com/517327498,rss,P2,active,,,,,route=bilibili/user/video,,imported from myrss.tailscale.opml
Videos,Y,绝活娱乐,付航脱口秀精选,https://macmini-rsshub.tail99ecfa.ts.net/bilibili/user/video/3493286857673111,https://space.bilibili.com/3493286857673111,rss,P2,active,,,,,route=bilibili/user/video,,imported from myrss.tailscale.opml
Videos,Y,绝活娱乐,戴建业老师,https://macmini-rsshub.tail99ecfa.ts.net/bilibili/user/video/532741557,https://space.bilibili.com/532741557,rss,P2,active,,,,,route=bilibili/user/video,,imported from myrss.tailscale.opml
Videos,Y,绝活娱乐,听泉赏宝,https://macmini-rsshub.tail99ecfa.ts.net/bilibili/user/video/3546592976046554,https://space.bilibili.com/3546592976046554,rss,P2,active,,,,,route=bilibili/user/video,,imported from myrss.tailscale.opml
Videos,Y,绝活娱乐,灯果,https://macmini-rsshub.tail99ecfa.ts.net/bilibili/user/video/4748646,https://space.bilibili.com/4748646,rss,P2,active,,,,,route=bilibili/user/video,,imported from myrss.tailscale.opml
Videos,Y,绝活娱乐,隔壁红魔,https://macmini-rsshub.tail99ecfa.ts.net/bilibili/user/video/432174249,https://space.bilibili.com/432174249,rss,P2,active,,,,,route=bilibili/user/video,,imported from myrss.tailscale.opml
Videos,Y,绝活娱乐,管泽元,https://macmini-rsshub.tail99ecfa.ts.net/bilibili/user/video/271338616,https://space.bilibili.com/271338616,rss,P2,active,,,,,route=bilibili/user/video,,imported from myrss.tailscale.opml
Videos,Y,绝活娱乐,白马繁华,https://macmini-rsshub.tail99ecfa.ts.net/bilibili/user/video/251054248,https://space.bilibili.com/251054248,rss,P2,active,,,,,route=bilibili/user/video,,imported from myrss.tailscale.opml
Videos,Y,绝活娱乐,咖啡醉足球,https://macmini-rsshub.tail99ecfa.ts.net/bilibili/user/video/436553623,https://space.bilibili.com/436553623,rss,P2,active,,,,,route=bilibili/user/video,,imported from myrss.tailscale.opml
Videos,Y,绝活娱乐,单弦震脉,https://macmini-rsshub.tail99ecfa.ts.net/bilibili/user/video/5316213,https://space.bilibili.com/5316213,rss,P2,active,,,,,route=bilibili/user/video,,imported from myrss.tailscale.opml
Videos,Y,绝活娱乐,米国脱口秀,https://macmini-rsshub.tail99ecfa.ts.net/bilibili/user/video/142371069,https://space.bilibili.com/142371069,rss,P2,active,,,,,route=bilibili/user/video,,imported from myrss.tailscale.opml
Videos,Y,绝活娱乐,付航脱口秀,https://macmini-rsshub.tail99ecfa.ts.net/bilibili/user/video/57592895,https://space.bilibili.com/57592895,rss,P2,active,,,,,route=bilibili/user/video,,imported from myrss.tailscale.opml
Videos,Y,绝活娱乐,峡谷玄学家,https://macmini-rsshub.tail99ecfa.ts.net/bilibili/user/video/3493128455587886,https://space.bilibili.com/3493128455587886,rss,P2,active,,,,,route=bilibili/user/video,,imported from myrss.tailscale.opml
Videos,Y,,AI Foundations,https://www.youtube.com/feeds/videos.xml?channel_id=UCWZwfV3ICOt3uEPpW6hYK4g,https://www.youtube.com/channel/UCWZwfV3ICOt3uEPpW6hYK4g,rss,P2,active,,,,,,,imported from myrss.tailscale.opml
Videos,Y,,司机社综合周排行榜,https://macmini-rsshub.tail99ecfa.ts.net/xsijishe/rank/weekly,https://xsijishe.com/portal.php,rss,P2,active,,,,,,,imported from myrss.tailscale.opml
Videos,Y,,司机社综合月排行榜,https://macmini-rsshub.tail99ecfa.ts.net/xsijishe/rank/monthly,https://xsijishe.com/portal.php,rss,P2,active,,,,,,,imported from myrss.tailscale.opml
Videos,Y,,Andrej Karpathy - YouTube,https://macmini-rsshub.tail99ecfa.ts.net/youtube/user/@AndrejKarpathy,https://www.youtube.com/channel/UCXUPKJO5MZQN11PqgIvyuvQ,rss,P2,active,,,,,,,
Videos,Y,,Lex Fridman - YouTube,https://macmini-rsshub.tail99ecfa.ts.net/youtube/user/%40lexfridman,https://www.youtube.com/channel/UCSHZKyawb77ixDdsGog4iWA,rss,P2,active,,,,,,,
