seq_id,item_id,card_reason,card_source,source_id,source_name,feed_url,title,url,guid,published_at,created_at,updated_at,summary_snippet,content_snippet,dedupe_key,dedupe_version,content_type,semantic_status
1,item_2fd731e980504b92bcb3e87e7cc828ad,local minimal card,minimal_rule,,,,,,,,,,,,,,,
2,item_aa83420c19314c3e83fa7ef4bf598fbb,local minimal card,minimal_rule,,,,,,,,,,,,,,,
3,item_4b2aeed7c279403b914736ef5d3ae4d5,local minimal card,minimal_rule,,,,,,,,,,,,,,,
4,item_ebf5e66056624221b7c60379d46de8c7,local minimal card,minimal_rule,,,,,,,,,,,,,,,
5,item_b94199900a84454c8d039af64893b9aa,local minimal card,minimal_rule,,,,,,,,,,,,,,,
6,item_50f727352b2840129ed5005b41e2e609,local minimal card,minimal_rule,,,,,,,,,,,,,,,
7,item_4e857d5aa6c648f991f8ede9f711e4e2,local minimal card,minimal_rule,,,,,,,,,,,,,,,
8,item_33be0718dede4539bcd82966e25c7be1,local minimal card,minimal_rule,,,,,,,,,,,,,,,
9,item_73bc99b4bba1451592beb56cf58ce194,local minimal card,minimal_rule,,,,,,,,,,,,,,,
10,item_05dc673d8c4b4422ad90cfd685eaa507,local minimal card,minimal_rule,,,,,,,,,,,,,,,
11,item_8215f6d98c954cafaaaf780dd3c4e70f,local minimal card,minimal_rule,,,,,,,,,,,,,,,
12,item_e9b26aedd6c548a981d31b5cc1c0511e,local minimal card,minimal_rule,,,,,,,,,,,,,,,
13,item_3bce4c57ac69411b8cd7e677efde4e12,local minimal card,minimal_rule,,,,,,,,,,,,,,,
14,item_5f244321798a4802b825586da96c520f,local minimal card,minimal_rule,,,,,,,,,,,,,,,
15,item_bac7e57b5e1f497dba66045e12e56371,local minimal card,minimal_rule,,,,,,,,,,,,,,,
16,item_689c34612b384a198259654015557d32,local minimal card,minimal_rule,,,,,,,,,,,,,,,
17,item_466b682464064055b1f9458814954a24,local minimal card,minimal_rule,,,,,,,,,,,,,,,
18,item_262d6f61f3bc4851acdbb5f99fbc5315,local minimal card,minimal_rule,,,,,,,,,,,,,,,
19,item_9252d959d0454d18ad8a698d8a0941e7,local minimal card,minimal_rule,,,,,,,,,,,,,,,
20,item_035852b5af484a7987171b64d626fd6d,local minimal card,minimal_rule,,,,,,,,,,,,,,,
21,item_0ce806edb1a84062acbb5aa8c0ce5629,local minimal card,minimal_rule,,,,,,,,,,,,,,,
22,item_c152bc4388854ce6ab8788589f8a1ba7,local minimal card,minimal_rule,,,,,,,,,,,,,,,
23,item_3104f233674d448c8e27265095821950,local minimal card,minimal_rule,,,,,,,,,,,,,,,
24,item_33f22b5d092248e3832e764bb2f0fce5,local minimal card,minimal_rule,,,,,,,,,,,,,,,
25,item_2d8c7e88284c4726abfb4630dd633cb7,local minimal card,minimal_rule,,,,,,,,,,,,,,,
26,item_9b314ce016664b3b91ad231f4e623777,local minimal card,minimal_rule,,,,,,,,,,,,,,,
27,item_baa440b17b654f5ebdb1c2430805f3fa,local minimal card,minimal_rule,,,,,,,,,,,,,,,
28,item_49e964d7d14a413fa445110ea6cccee5,local minimal card,minimal_rule,,,,,,,,,,,,,,,
29,item_cd1dcf0c86284550a9144a125f0113aa,local minimal card,minimal_rule,,,,,,,,,,,,,,,
30,item_daf34d05c8bb47d0b9369ea243d258f4,local minimal card,minimal_rule,,,,,,,,,,,,,,,
31,item_5b3906b3b71247dc8ad03d74de2b3595,local minimal card,minimal_rule,,,,,,,,,,,,,,,
32,item_b1c46e376bb24cbf9132a145f3eea0b5,local minimal card,minimal_rule,,,,,,,,,,,,,,,
33,item_aa5b619d772346fd937ece0b16221b7a,local minimal card,minimal_rule,,,,,,,,,,,,,,,
34,item_7cdec28b086246d2ba9d02f51b57deec,local minimal card,minimal_rule,,,,,,,,,,,,,,,
35,item_768aabdeb4d947da8ba1fa65f092eb44,local minimal card,minimal_rule,,,,,,,,,,,,,,,
36,item_7d65d424048f4740ad4ffb5fd58f82ef,local minimal card,minimal_rule,,,,,,,,,,,,,,,
37,item_548e537b26c34173817f64d30a8159fa,local minimal card,minimal_rule,,,,,,,,,,,,,,,
38,item_f0f168e256584f838ce6a884ecef71fa,local minimal card,minimal_rule,,,,,,,,,,,,,,,
39,item_eab1568f1b4e4ad182fef0c013400ca2,local minimal card,minimal_rule,,,,,,,,,,,,,,,
40,item_5f5a7e51928d45258ea11d416210dbd1,local minimal card,minimal_rule,,,,,,,,,,,,,,,
41,item_f66df0ce86dc438dbd8fb3ea61b0c7e7,local minimal card,minimal_rule,,,,,,,,,,,,,,,
42,item_5910f1e97d9448ddb8590c034ccedd8b,local minimal card,minimal_rule,,,,,,,,,,,,,,,
43,item_c99b1750d05e4f9695a74af5256ac247,local minimal card,minimal_rule,,,,,,,,,,,,,,,
44,item_795c6eb09fa548148beefab860e6eac5,local minimal card,minimal_rule,,,,,,,,,,,,,,,
45,item_5d486931be7d4fbea967aa30c9e9a873,local minimal card,minimal_rule,,,,,,,,,,,,,,,
46,item_6f345e30d3c14c74905821f473fa947a,local minimal card,minimal_rule,,,,,,,,,,,,,,,
47,item_8ee85d2686154898aea86d2942ef7da5,local minimal card,minimal_rule,,,,,,,,,,,,,,,
48,item_a4db6371a71c4c5c90c23c491f92dd67,local minimal card,minimal_rule,,,,,,,,,,,,,,,
49,item_a3d4c65506b948018487224d7efbae92,local minimal card,minimal_rule,,,,,,,,,,,,,,,
50,item_e4e4c2ff29804658ae42555a30ae72e8,local minimal card,minimal_rule,,,,,,,,,,,,,,,
51,item_f8b278f570434f288614b76f1b471128,local minimal card,minimal_rule,,,,,,,,,,,,,,,
52,item_2957efb7626b45efb9d92e10caf3be57,local minimal card,minimal_rule,,,,,,,,,,,,,,,
53,item_3cdd0eb409d64361aff360cc7729ef75,local minimal card,minimal_rule,,,,,,,,,,,,,,,
54,item_160e0b7b9a304c0aac2fd6c5b876660c,local minimal card,minimal_rule,,,,,,,,,,,,,,,
55,item_28972a2fb112468ca1f9ab3bfacd20cb,local minimal card,minimal_rule,,,,,,,,,,,,,,,
56,item_49fe570de6264dd3aa48c83bf9ecbcfd,local minimal card,minimal_rule,,,,,,,,,,,,,,,
57,item_df5a229f9279498c963ea31fa9b33fff,local minimal card,minimal_rule,,,,,,,,,,,,,,,
58,item_ef87aae4e1da47228b1273a7f61b60ab,local minimal card,minimal_rule,,,,,,,,,,,,,,,
59,item_deda3923e0484c8c916992757c76e3f0,local minimal card,minimal_rule,,,,,,,,,,,,,,,
60,item_f060e93cc4784bfbb7f17bc8e8e90a09,local minimal card,minimal_rule,,,,,,,,,,,,,,,
61,item_43c82cc3bbc84392b23442673275f92d,local minimal card,minimal_rule,,,,,,,,,,,,,,,
62,item_ee62d1d169874385a1e553f2ff4370ab,local minimal card,minimal_rule,,,,,,,,,,,,,,,
63,item_be04ee833fbb4765a80ad03aef141c03,local minimal card,minimal_rule,,,,,,,,,,,,,,,
64,item_275ba421741648c29d4db6a912efef5e,local minimal card,minimal_rule,,,,,,,,,,,,,,,
65,item_4c159ba7ab4f45fdbf934baba27eea8f,local minimal card,minimal_rule,,,,,,,,,,,,,,,
66,item_b3005d1253b347ee96a9fb02961a1e92,local minimal card,minimal_rule,,,,,,,,,,,,,,,
67,item_e5fab190ca2046d4ac3a51413ce075e6,local minimal card,minimal_rule,,,,,,,,,,,,,,,
68,item_c49d38dd0a4748cf8d4566faed131fad,local minimal card,minimal_rule,,,,,,,,,,,,,,,
69,item_30bd5f07d9994c2483c5ee828121dba5,local minimal card,minimal_rule,,,,,,,,,,,,,,,
70,item_60416046f51a459483570fd30de34dd9,local minimal card,minimal_rule,,,,,,,,,,,,,,,
71,item_0c35a16b3c684a0f8467ab44a11b54dd,local minimal card,minimal_rule,,,,,,,,,,,,,,,
72,item_34ef7058e03140c88c4be5e7f48b245e,local minimal card,minimal_rule,,,,,,,,,,,,,,,
73,item_ca940dbe128f4a8aaa77975d3376731e,local minimal card,minimal_rule,,,,,,,,,,,,,,,
74,item_a9996a9d3b424fb7b4ee6296395ccc5b,local minimal card,minimal_rule,,,,,,,,,,,,,,,
75,item_8c249e41759345819ebf615a2fe67f47,local minimal card,minimal_rule,,,,,,,,,,,,,,,
76,item_b37866ba97fc41b6b9e613ea04cc42f7,local minimal card,minimal_rule,,,,,,,,,,,,,,,
77,item_6f1ac53c1f904a959e808eff5227145b,local minimal card,minimal_rule,,,,,,,,,,,,,,,
78,item_48c4635f791c4420815b371a4f026f16,local minimal card,minimal_rule,,,,,,,,,,,,,,,
79,item_b1271671063b4e3bb14bc30b4f82762d,local minimal card,minimal_rule,,,,,,,,,,,,,,,
80,item_92ebdb60bdde4b6cae22f1e9c68ad4e2,local minimal card,minimal_rule,,,,,,,,,,,,,,,
81,item_93361df377b849cabd247bbcc6e78c85,local minimal card,minimal_rule,,,,,,,,,,,,,,,
82,item_399a53c96ae94608a6e5955ab0b05000,local minimal card,minimal_rule,,,,,,,,,,,,,,,
83,item_2dc19f840c3d452498d5188e7e47e94a,local minimal card,minimal_rule,,,,,,,,,,,,,,,
84,item_497e030288ff4252a1703e3e418af343,local minimal card,minimal_rule,,,,,,,,,,,,,,,
85,item_ba700286e40d4a4dbf30a4a45278a1f7,local minimal card,minimal_rule,,,,,,,,,,,,,,,
86,item_762795b0f1ce4f36a9c2ea365e21058d,local minimal card,minimal_rule,,,,,,,,,,,,,,,
87,item_147420228d964fad9aea829621dab76b,local minimal card,minimal_rule,,,,,,,,,,,,,,,
88,item_087c4e17cd8a46e182a2ad3a53218061,local minimal card,minimal_rule,,,,,,,,,,,,,,,
89,item_3029a40b280f420da38a603c6bafe017,local minimal card,minimal_rule,,,,,,,,,,,,,,,
90,item_8b985d087b194359b332bb0fd05241d2,local minimal card,minimal_rule,,,,,,,,,,,,,,,
91,item_7e8a799be69745edb9d979199b8412f9,local minimal card,minimal_rule,,,,,,,,,,,,,,,
92,item_eb7b74e0e5994033a31d6ed827dbee63,local minimal card,minimal_rule,,,,,,,,,,,,,,,
93,item_884c82a5b33e4b6c93876762aad088bd,local minimal card,minimal_rule,,,,,,,,,,,,,,,
94,item_8b7eea7fab824a65bde0321f830a9a98,local minimal card,minimal_rule,,,,,,,,,,,,,,,
95,item_0efcd0b53d704bf7b72cb76b17f592b7,local minimal card,minimal_rule,,,,,,,,,,,,,,,
96,item_a512191d8ed64739ac80d6eaf2c69d49,local minimal card,minimal_rule,,,,,,,,,,,,,,,
97,item_e7add0d12b2d40e0a1b7417979044a72,ok,llm,,,,,,,,,,,,,,,
98,item_3586ece7f7dd4d0ea65773c4f304d370,ok,llm,,,,,,,,,,,,,,,
99,item_20646704dff34c81be8f0574610f4612,ok,llm,,,,,,,,,,,,,,,
100,item_7e21dceb9f344e03881bc170d8de4699,ok,llm,,,,,,,,,,,,,,,
101,item_9ac7138b5a254e63a242469ef2e3b0b7,ok,llm,,,,,,,,,,,,,,,
102,item_b1bd36be76e048ea85a9e964ab6c77e0,ok,llm,,,,,,,,,,,,,,,
103,item_81b4097934f74d2bbcc0b3973f5cd6ad,ok,llm,,,,,,,,,,,,,,,
104,item_6fede51660964e48995136274817bafe,ok,llm,,,,,,,,,,,,,,,
105,item_6bf1b6f4a9274166aa71c26c15e62862,ok,llm,,,,,,,,,,,,,,,
106,item_d353ca7707fa4374a8808ad7328a417e,ok,llm,,,,,,,,,,,,,,,
107,item_6944fa337c20489f80f4a752faea95fa,ok,llm,,,,,,,,,,,,,,,
108,item_36f9961b77944432864a644b433b5739,ok,llm,,,,,,,,,,,,,,,
109,item_49c72552bd944739b030b9104edf084f,ok,llm,,,,,,,,,,,,,,,
110,item_8aef211493e340e587bf6072efc84b72,ok,llm,,,,,,,,,,,,,,,
111,item_f94a6414db3b47e8a02945da33458967,ok,llm,,,,,,,,,,,,,,,
112,item_e1b47bb59b2347eeaa79f4adafdb3c09,ok,llm,,,,,,,,,,,,,,,
113,item_12e71b11a8f84fbfa96e9c42b7e65fe1,ok,llm,,,,,,,,,,,,,,,
114,item_1bc5493c12c544608d6135c02c04d32a,ok,llm,,,,,,,,,,,,,,,
115,item_a866589078024771a1c69eaa52229f4d,ok,llm,,,,,,,,,,,,,,,
116,item_d3225811700f4bfe925bbe4124b961db,ok,llm,,,,,,,,,,,,,,,
117,item_4dced70514af4c14ba1dc552f64a88b4,ok,llm,,,,,,,,,,,,,,,
118,item_f452aeb604f1408b9cefb23d173ab32f,ok,llm,,,,,,,,,,,,,,,
119,item_532dbc4ace05426bbce5bbba181327da,ok,llm,,,,,,,,,,,,,,,
120,item_9f15a4e890b248438ad2edf69e07f0c0,ok,llm,,,,,,,,,,,,,,,
121,item_c4265f28396b4865bdeefbf7afd99dc8,ok,llm,,,,,,,,,,,,,,,
122,item_a8e47a866a344806850dfbb6660b3526,Unterminated string starting at: line 11 column 23 (char 1102),heuristic,,,,,,,,,,,,,,,
123,item_3aa24d0976544be5a610a490d82729df,Unterminated string starting at: line 11 column 23 (char 1102),heuristic,,,,,,,,,,,,,,,
124,item_d84c845887ef4b96bdc266f0c1854239,Unterminated string starting at: line 11 column 23 (char 1102),heuristic,,,,,,,,,,,,,,,
125,item_16cb90d7cdd048428ecbf7859330aae1,Unterminated string starting at: line 11 column 23 (char 1102),heuristic,,,,,,,,,,,,,,,
126,item_0c9f658682ab409ea54ba66627e9ad6b,Unterminated string starting at: line 11 column 23 (char 1102),heuristic,,,,,,,,,,,,,,,
127,item_3d51d68f8840480794928f1afe6c8642,Expecting value: line 98 column 8 (char 5920),heuristic,,,,,,,,,,,,,,,
128,item_a8ddb7c217714d95a2b2e17602b4d463,Expecting value: line 98 column 8 (char 5920),heuristic,,,,,,,,,,,,,,,
129,item_f9dec0089bf345a2bdf7c48c7bd2f34f,Expecting value: line 98 column 8 (char 5920),heuristic,,,,,,,,,,,,,,,
130,item_b602cbf7c9af4dbab473639e683d80c1,Expecting value: line 98 column 8 (char 5920),heuristic,,,,,,,,,,,,,,,
131,item_7e380ba74030420b8b1775d2ace0bb08,Expecting value: line 98 column 8 (char 5920),heuristic,,,,,,,,,,,,,,,
132,item_7996a0fd05524134a5585f5c1ab1a0df,ok,llm,,,,,,,,,,,,,,,
133,item_5f0e52ddb98845abb4981bcdc6450332,ok,llm,,,,,,,,,,,,,,,
134,item_54b4b7283cc54560b6ae8293f6893f35,ok,llm,,,,,,,,,,,,,,,
135,item_e1ae9253ffbc474e8b7a859bf2d18b9d,ok,llm,,,,,,,,,,,,,,,
136,item_037b630dac164eda9e9f0c6b3195b6a7,ok,llm,,,,,,,,,,,,,,,
137,item_032b1a3020024b1fa53fff9ceb5bbced,ok,llm,,,,,,,,,,,,,,,
138,item_5c7512837f424b5ba1100bea7cf13824,ok,llm,,,,,,,,,,,,,,,
139,item_c1013056866c46dc9a4790022ca16762,ok,llm,,,,,,,,,,,,,,,
140,item_13129eb757e54a268b774cbb0771d3e1,ok,llm,,,,,,,,,,,,,,,
141,item_89e9c5f799c84adea5fcd45e6829b7d2,ok,llm,,,,,,,,,,,,,,,
142,item_c535007b0adb43e48c4a69822f3b3f92,ok,llm,,,,,,,,,,,,,,,
143,item_5f4b1f60026942429f59fcdf3223f94e,ok,llm,,,,,,,,,,,,,,,
144,item_d4b901574ed248ada87c4e4017af5407,ok,llm,,,,,,,,,,,,,,,
145,item_27ebf23e414a4515acaaf4584a1931d3,ok,llm,,,,,,,,,,,,,,,
146,item_477868d0d6624a68b6f832d4f40baf36,ok,llm,,,,,,,,,,,,,,,
147,item_a8d9bf92985a4204a3cb45c78687954a,Unterminated string starting at: line 77 column 7 (char 5147),heuristic,,,,,,,,,,,,,,,
148,item_9ba54bbdc156409bac065e398787a2b3,Unterminated string starting at: line 77 column 7 (char 5147),heuristic,,,,,,,,,,,,,,,
149,item_739038a267764c5bb06ef0e74fe88929,Unterminated string starting at: line 77 column 7 (char 5147),heuristic,,,,,,,,,,,,,,,
150,item_e417056a354f4496acc8dca45b9e3955,Unterminated string starting at: line 77 column 7 (char 5147),heuristic,,,,,,,,,,,,,,,
151,item_98fb003738444f61bd1a5aa5a839d3b4,Unterminated string starting at: line 77 column 7 (char 5147),heuristic,,,,,,,,,,,,,,,
152,item_6564f34f4cc14dc0b910a4ec926f85f4,ok,llm,,,,,,,,,,,,,,,
153,item_e1e840638a174b1ba5c2d990718a6851,ok,llm,,,,,,,,,,,,,,,
154,item_7825525df71a4e48bd4af7507affb7a5,ok,llm,,,,,,,,,,,,,,,
155,item_30868cfae2dc4995ba3301f3bfaa2e65,ok,llm,,,,,,,,,,,,,,,
156,item_3c0cba8619484a23823faf2e02b76a48,ok,llm,,,,,,,,,,,,,,,
157,item_247546171c724f019db50722e2135707,ok,llm,,,,,,,,,,,,,,,
158,item_c5a3fbbc30af44b385fa22cb08d6af40,ok,llm,,,,,,,,,,,,,,,
159,item_74e23b5cec684a7ebb5d8345444ca21c,ok,llm,,,,,,,,,,,,,,,
160,item_4e98feda80b74241adafe2bbe81e47da,ok,llm,,,,,,,,,,,,,,,
161,item_a4fda9ee6594471580c4103ae40a4bc5,ok,llm,,,,,,,,,,,,,,,
162,item_acb32fdc84dd4225a2fa9dd4dda09aad,ok,llm,,,,,,,,,,,,,,,
163,item_e1b867e8dfdc40e2bf5dd020d8fc9a79,ok,llm,,,,,,,,,,,,,,,
164,item_3cba2bc8603f42068eaea1317204757f,ok,llm,,,,,,,,,,,,,,,
165,item_1c176714650348dd84f43c5b66aa0823,ok,llm,,,,,,,,,,,,,,,
166,item_a4c1111a4c354f39a1a5c600d90a9926,ok,llm,,,,,,,,,,,,,,,
167,item_74acf064edd642968dda1ec8bfadb905,ok,llm,,,,,,,,,,,,,,,
168,item_a6ba075591284ab99162b71ea219166e,ok,llm,,,,,,,,,,,,,,,
169,item_2815ed11afca4decbaf9b4023c87f73c,ok,llm,,,,,,,,,,,,,,,
170,item_4d62d0821dd143e4bda9cd0606f632d4,ok,llm,,,,,,,,,,,,,,,
171,item_35f0293467804c19a555a6b07b9fe415,ok,llm,,,,,,,,,,,,,,,
172,item_334ca73ff9854aeab4d5bfaa8d1ee9f9,ok,llm,,,,,,,,,,,,,,,
173,item_73c853a73f7245d6a921a02e3993dfd2,ok,llm,,,,,,,,,,,,,,,
174,item_319bc3a1999f432787e3004689469eae,ok,llm,,,,,,,,,,,,,,,
175,item_5a6112022e47496a9445f2d635e3f3fa,ok,llm,,,,,,,,,,,,,,,
176,item_9b1b2b6de50b4f209e9b043155b86d80,ok,llm,,,,,,,,,,,,,,,
177,item_156231f53e7f4c5bbf0cf4feb1783fc1,ok,llm,,,,,,,,,,,,,,,
178,item_e8975e69d7de405fbbd808250ca0feb8,ok,llm,,,,,,,,,,,,,,,
179,item_5d01f6e2fbc041a99b4d69606a8a1507,ok,llm,,,,,,,,,,,,,,,
180,item_a4ddaad25fa24d588b8dda85cdb4414f,ok,llm,,,,,,,,,,,,,,,
181,item_f5f50272fa624c4389802342d2986d61,ok,llm,,,,,,,,,,,,,,,
182,item_cde4f023f1ee4e4d8a7294806dcef1a9,ok,llm,,,,,,,,,,,,,,,
183,item_3c2436e0f3794b8fbc9ddfe5b6b48a49,ok,llm,,,,,,,,,,,,,,,
184,item_b2f1d77fe79f485ba88544f65da9521f,ok,llm,,,,,,,,,,,,,,,
185,item_60396787ca7b47d481f1fc9dfb4798c9,ok,llm,,,,,,,,,,,,,,,
186,item_dac5f3674eb04e96bba775051c54892d,ok,llm,,,,,,,,,,,,,,,
187,item_3446ba8b185040fd905ab5840d5d49e8,ok,llm,,,,,,,,,,,,,,,
188,item_067aa89d5fd443968984d104f6eb7a3c,ok,llm,,,,,,,,,,,,,,,
189,item_e9230399832f4fcc8de03306b1819d87,ok,llm,,,,,,,,,,,,,,,
190,item_99ef54e49c7d4d9fa07891d59f2e048a,ok,llm,,,,,,,,,,,,,,,
191,item_55dd5e3ea5f64c92bc46d87eabed1c13,ok,llm,,,,,,,,,,,,,,,
192,item_d6597d16facc4c20b1ecde20f7b5c8e5,ok,llm,,,,,,,,,,,,,,,
193,item_7249afecd6ea4714b0e9b396bb5e9ed7,ok,llm,,,,,,,,,,,,,,,
194,item_acb46ba3e3f74368b187a8fed734c8eb,ok,llm,,,,,,,,,,,,,,,
195,item_3d54b297f92344e9aff63bdf5b371ceb,ok,llm,,,,,,,,,,,,,,,
196,item_3ef389b39a8b4b279b23468651674474,ok,llm,,,,,,,,,,,,,,,
197,item_426f597ee6374b028f1308958e46ddca,ok,llm,,,,,,,,,,,,,,,
198,item_3d081fe4dc304be1a66e7157cd51eba4,ok,llm,,,,,,,,,,,,,,,
199,item_debe6bcf7fd24f5988f20379b55f0fc9,ok,llm,,,,,,,,,,,,,,,
200,item_032bb0dd80fe46a4961411cd78e46918,ok,llm,,,,,,,,,,,,,,,
201,item_21eb45a8c4c94135880b57b537df4faf,ok,llm,,,,,,,,,,,,,,,
202,item_8ce068d9da9c47bf99c9147844d51acb,ok,llm,,,,,,,,,,,,,,,
203,item_9f3bd92cf51942e4b732b063486a4079,ok,llm,,,,,,,,,,,,,,,
204,item_a7f4d07c11ef490899325e77b1a6aa4d,ok,llm,,,,,,,,,,,,,,,
205,item_dddf0e61f4354a5186185dbcc6fdaace,ok,llm,,,,,,,,,,,,,,,
206,item_0f45eafc0cea4d0db442beab4d319126,ok,llm,,,,,,,,,,,,,,,
207,item_0c25511cc1ec4c7c9428ea0a95872709,ok,llm,,,,,,,,,,,,,,,
208,item_fa3d13b9305a4f7d8982798d0138354c,ok,llm,,,,,,,,,,,,,,,
209,item_668b714215e84abd9d316e3cd6d58e0b,ok,llm,,,,,,,,,,,,,,,
210,item_3018420137b94d248a7eeeab0b961add,ok,llm,,,,,,,,,,,,,,,
211,item_ae118ee6b64d4839af790dedbff39e81,ok,llm,,,,,,,,,,,,,,,
212,item_b92028cdb86b49bcb40500ce7118c388,ok,llm,,,,,,,,,,,,,,,
213,item_290b06de79c64d4e833752d894035b0a,ok,llm,,,,,,,,,,,,,,,
214,item_b39b64aa12204d22972c80b799f196e0,ok,llm,,,,,,,,,,,,,,,
215,item_c3211c73b2504930990a5e33e729f94f,ok,llm,,,,,,,,,,,,,,,
216,item_d8448a31c65d42bfa555d925a8b1236f,ok,llm,,,,,,,,,,,,,,,
217,item_f732065d56904bfa906e32c9b7b3caf6,Unterminated string starting at: line 42 column 25 (char 3025),heuristic,,,,,,,,,,,,,,,
218,item_ccc21168f8a2410fa7c3cfc456e7ebb4,Unterminated string starting at: line 42 column 25 (char 3025),heuristic,,,,,,,,,,,,,,,
219,item_05e1fb0a12b14d6d9e9eb494e4cbb801,Unterminated string starting at: line 42 column 25 (char 3025),heuristic,,,,,,,,,,,,,,,
220,item_249b00bdea6344aea86662d09b8e7cf3,Unterminated string starting at: line 42 column 25 (char 3025),heuristic,,,,,,,,,,,,,,,
221,item_be84628d022a47bcbc91fd09db1f51a8,Unterminated string starting at: line 42 column 25 (char 3025),heuristic,,,,,,,,,,,,,,,
222,item_03f02d3c452f464484fe228c45f5eefe,ok,llm,,,,,,,,,,,,,,,
223,item_e415677ce7b046e9831b8996a99449fa,ok,llm,,,,,,,,,,,,,,,
224,item_e86c7e523e5d4078836d9c71ad7f091a,ok,llm,,,,,,,,,,,,,,,
225,item_fabe150bc439417f967518a02cb9111b,ok,llm,,,,,,,,,,,,,,,
226,item_633905944456423284d0b2c54c068e54,ok,llm,,,,,,,,,,,,,,,
227,item_cb1fc9dfbf7648ba8981bf8510420c14,ok,llm,,,,,,,,,,,,,,,
228,item_6023105ab5944744b08730b505f1159b,ok,llm,,,,,,,,,,,,,,,
229,item_1f2a57c1cf8541768ac2fd844e7e68ed,ok,llm,,,,,,,,,,,,,,,
230,item_0e742a4cc1774ad9ba6555eeb5f9eb2b,ok,llm,,,,,,,,,,,,,,,
231,item_fc06c15edaf245c892ebf9bdc3050e22,ok,llm,,,,,,,,,,,,,,,
232,item_e203d82939264ea2bf9a3c4cc4eb8c6e,ok,llm,,,,,,,,,,,,,,,
233,item_d7a9ccfe2c2e4d89ad5535edfe08ce14,ok,llm,,,,,,,,,,,,,,,
234,item_13d6ffce55e844d99b529c176b8e2a2a,ok,llm,,,,,,,,,,,,,,,
235,item_6d0ac55830df49a7a56464e73a4ae54f,ok,llm,,,,,,,,,,,,,,,
236,item_002d2254c8824601b74bc973e71cd884,ok,llm,,,,,,,,,,,,,,,
237,item_f27a539eee2b4cd582c13ecdf0145cf0,Unterminated string starting at: line 21 column 18 (char 1233),heuristic,,,,,,,,,,,,,,,
238,item_d329a23990244345a7687a0572ff5aae,Unterminated string starting at: line 21 column 18 (char 1233),heuristic,,,,,,,,,,,,,,,
239,item_853a3c1770034314b920eacd0e1a3e66,Unterminated string starting at: line 21 column 18 (char 1233),heuristic,,,,,,,,,,,,,,,
240,item_7cc32739f3d34fa0a21b4ab9e7965311,Unterminated string starting at: line 21 column 18 (char 1233),heuristic,,,,,,,,,,,,,,,
241,item_a436e29926b7492cb68072947ebeadbe,Unterminated string starting at: line 21 column 18 (char 1233),heuristic,,,,,,,,,,,,,,,
242,item_d4bb165b95134e6da730234b9c8adc34,Expecting value: line 83 column 129 (char 6111),heuristic,,,,,,,,,,,,,,,
243,item_1d5e5d906fa54dc69791758654c3e9ac,Expecting value: line 83 column 129 (char 6111),heuristic,,,,,,,,,,,,,,,
244,item_44e4cc6b3ebd4b3bb9a0b3331a7ba2d7,Expecting value: line 83 column 129 (char 6111),heuristic,,,,,,,,,,,,,,,
245,item_c47ceac886644251a29a309368a18a4e,Expecting value: line 83 column 129 (char 6111),heuristic,,,,,,,,,,,,,,,
246,item_a752951da950410aba83e5fa2542beb5,Expecting value: line 83 column 129 (char 6111),heuristic,,,,,,,,,,,,,,,
247,item_18b5beb4edb44945aef2a2b4b405dd4e,ok,llm,,,,,,,,,,,,,,,
248,item_78638190a61c4e7cab2dc428d0db85b4,ok,llm,,,,,,,,,,,,,,,
249,item_3454548d9fae42daa9f12cf676d79aa0,ok,llm,,,,,,,,,,,,,,,
250,item_ad3550f316304c21a44713d247c9367a,ok,llm,,,,,,,,,,,,,,,
251,item_fb0ba823c5df46af9987e6283e57411c,ok,llm,,,,,,,,,,,,,,,
252,item_ab13b2cd65964bc2b6ca07b0bf2fceed,ok,llm,,,,,,,,,,,,,,,
253,item_2b3c50562f2446329c1d5f7efeee0987,ok,llm,,,,,,,,,,,,,,,
254,item_094cf3c1c7534e68b9c17ffad0e3e5a1,ok,llm,,,,,,,,,,,,,,,
255,item_718865ad646e42f191f7f303629f1095,ok,llm,,,,,,,,,,,,,,,
256,item_fd0e376fc6fc4157ac5bb5428a698344,ok,llm,,,,,,,,,,,,,,,
257,item_87355784d5c54a959251172391877b82,ok,llm,,,,,,,,,,,,,,,
258,item_0b237521b4034644b9677294ae7ff86e,ok,llm,,,,,,,,,,,,,,,
259,item_f085df29df2943d7b92ae35a8596898f,ok,llm,,,,,,,,,,,,,,,
260,item_a988976e955d4cf39847dc5a7b8b9dd5,ok,llm,,,,,,,,,,,,,,,
261,item_fe53d74e0b6747488f87e0cd262265eb,ok,llm,,,,,,,,,,,,,,,
262,item_86bded7e12684df0a564e5e1ae8a253c,ok,llm,,,,,,,,,,,,,,,
263,item_dbd84d6e31794035b7d8db9ffe65add7,ok,llm,,,,,,,,,,,,,,,
264,item_56f31af53de948e4af7ae1a917b58687,ok,llm,,,,,,,,,,,,,,,
265,item_1832b469cf5f4947afd022e44850349c,ok,llm,,,,,,,,,,,,,,,
266,item_817021c4845c480b94c81957eee95c71,ok,llm,,,,,,,,,,,,,,,
267,item_89d6438b79e8478394b05bc4e26cc54e,ok,llm,,,,,,,,,,,,,,,
268,item_f35a68f28efe4c8d8dd0c13993dfff00,ok,llm,,,,,,,,,,,,,,,
269,item_30a5d304da854bbf8857d9fa5262ce22,ok,llm,,,,,,,,,,,,,,,
270,item_f14ce30de1434ed5893a8a81e2da1fe0,ok,llm,,,,,,,,,,,,,,,
271,item_9a3b106596f84e6baf2b53c4e4e03db5,ok,llm,,,,,,,,,,,,,,,
272,item_7858fd7297034bf48f81fceafe0f2f32,Unterminated string starting at: line 82 column 21 (char 6784),heuristic,,,,,,,,,,,,,,,
273,item_cb83a690b62a4958815fe78b27978b3a,Unterminated string starting at: line 82 column 21 (char 6784),heuristic,,,,,,,,,,,,,,,
274,item_6ed76010c6c54c588d7e9c0c0a31ef17,Unterminated string starting at: line 82 column 21 (char 6784),heuristic,,,,,,,,,,,,,,,
275,item_3abd6dafd2f941f5aae252f523b2e77a,Unterminated string starting at: line 82 column 21 (char 6784),heuristic,,,,,,,,,,,,,,,
276,item_40ac5fa7d3da4120977ac697d5f1bfba,Unterminated string starting at: line 82 column 21 (char 6784),heuristic,,,,,,,,,,,,,,,
277,item_1789c0857352413693a6454144c4cb8d,ok,llm,,,,,,,,,,,,,,,
278,item_277e94f3e3ac48b38350a5a55d46b505,ok,llm,,,,,,,,,,,,,,,
279,item_d3aa3e5d639b4eec95ca16cadeb1d6b9,ok,llm,,,,,,,,,,,,,,,
280,item_9f0850bde42f49d482ee9afcdba9ff9d,ok,llm,,,,,,,,,,,,,,,
281,item_cecb3e8e8db24ca6ba9a0db7d5465a9e,ok,llm,,,,,,,,,,,,,,,
282,item_dedf2ce3b9bc41388862b48c6430a357,ok,llm,,,,,,,,,,,,,,,
283,item_1d803dc033c349f1bf62b6a7dcf58cc1,ok,llm,,,,,,,,,,,,,,,
284,item_4bf9ce3a13bd465eadcf503336ee6cb4,ok,llm,,,,,,,,,,,,,,,
285,item_380441f6ef9b4decb75aab557c894a0a,ok,llm,,,,,,,,,,,,,,,
286,item_c9c4f9840a1b4c309a184fcecb5cb84f,ok,llm,,,,,,,,,,,,,,,
287,item_f333b76dd9a94c66bdf7f2b0c2a16077,ok,llm,,,,,,,,,,,,,,,
288,item_4e983edd5b3e409c9a1de662f40b584b,ok,llm,,,,,,,,,,,,,,,
289,item_e36ed39b9d6248af99c2a9bcc123e893,ok,llm,,,,,,,,,,,,,,,
290,item_5055a3f14b39424b86b4e31c6c7f11a0,ok,llm,,,,,,,,,,,,,,,
291,item_7b5ae92cf0714c2c803b8767b23e0c6e,ok,llm,,,,,,,,,,,,,,,
292,item_58c7ccbb47454669af1ea7b238f362e4,ok,llm,,,,,,,,,,,,,,,
293,item_5ac6fc9095d84f28b5e4caad71bad039,ok,llm,,,,,,,,,,,,,,,
294,item_abc6176995134655895e2a3a46fd5031,ok,llm,,,,,,,,,,,,,,,
295,item_c2aefc303f8b4f218b79cb5b241c2280,ok,llm,,,,,,,,,,,,,,,
296,item_d34318fc2c5e4b1f8abca699683259e7,ok,llm,,,,,,,,,,,,,,,
297,item_4c6d8ef2e5d64c2989241a602c063258,ok,llm,,,,,,,,,,,,,,,
298,item_141ffe316208457eb6b418627a7424d1,ok,llm,,,,,,,,,,,,,,,
299,item_a85a34ae42f244e69b746169ec1946f6,ok,llm,,,,,,,,,,,,,,,
300,item_d5d91723862c493ca93224ed6cbd8105,ok,llm,,,,,,,,,,,,,,,
