source_id,source_name,source_category,feed_url,normalized_feed_url,status,priority,last_fetch_at,last_success_at,last_failure_at,last_error_code,last_error_message,consecutive_failures,failure_count,consecutive_failure_count,last_new_items,last_new_items_count,last_duplicate_items,last_duplicate_items_count,last_processed_items,last_processed_items_count,last_feed_items_seen,last_run_id,last_ingest_at,created_at,updated_at,deleted_at
socialmedia-a16z-a16z,a16z(@a16z),SocialMedia,https://api.xgo.ing/rss/user/f3fedf817599470dbf8d8d11f0872475,https://api.xgo.ing/rss/user/f3fedf817599470dbf8d8d11f0872475,active,2,,,,,,0,0,0,0,0,0,0,0,0,0,,,2026-05-16T16:46:34.502729+00:00,2026-05-16T16:46:34.502729+00:00,
socialmedia-aadit-sheth-aaditsh,"Aadit Sheth(@aaditsh)",SocialMedia,https://api.xgo.ing/rss/user/179bcc4b8e5d4274b6e9e935f9fd4434,https://api.xgo.ing/rss/user/179bcc4b8e5d4274b6e9e935f9fd4434,active,2,,,,,,0,0,0,0,0,0,0,0,0,0,,,2026-05-16T16:46:34.467726+00:00,2026-05-16T16:46:34.467726+00:00,
socialmedia-adam-d-angelo-adamdangelo,"Adam D'Angelo(@adamdangelo)",SocialMedia,https://api.xgo.ing/rss/user/3042b6f912b24f64982cc23f7bd59681,https://api.xgo.ing/rss/user/3042b6f912b24f64982cc23f7bd59681,active,2,,,,,,0,0,0,0,0,0,0,0,0,0,,,2026-05-16T16:46:34.469898+00:00,2026-05-16T16:46:34.469898+00:00,
socialmedia-ai-at-meta-aiatmeta,"AI at Meta(@AIatMeta)",SocialMedia,https://api.xgo.ing/rss/user/ef7c70f9568d45f4915169fef4ce90b4,https://api.xgo.ing/rss/user/ef7c70f9568d45f4915169fef4ce90b4,active,2,,,,,,0,0,0,0,0,0,0,0,0,0,,,2026-05-16T16:46:34.450192+00:00,2026-05-16T16:46:34.450192+00:00,
socialmedia-ai-breakfast-aibreakfast,"AI Breakfast(@AiBreakfast)",SocialMedia,https://api.xgo.ing/rss/user/0e3ebaf288014c45b0d24b71fe37312b,https://api.xgo.ing/rss/user/0e3ebaf288014c45b0d24b71fe37312b,active,2,,,,,,0,0,0,0,0,0,0,0,0,0,,,2026-05-16T16:46:34.452651+00:00,2026-05-16T16:46:34.452651+00:00,
socialmedia-ai-engineer-aidotengineer,"AI Engineer(@aiDotEngineer)",SocialMedia,https://api.xgo.ing/rss/user/7d19a619a1cc4a9896129211269d2c85,https://api.xgo.ing/rss/user/7d19a619a1cc4a9896129211269d2c85,active,2,,,,,,0,0,0,0,0,0,0,0,0,0,,,2026-05-16T16:46:34.472219+00:00,2026-05-16T16:46:34.472219+00:00,
socialmedia-ai-sdk-aisdk,"AI SDK(@aisdk)",SocialMedia,https://api.xgo.ing/rss/user/22af005b21ec45b1a4503acca777b7f0,https://api.xgo.ing/rss/user/22af005b21ec45b1a4503acca777b7f0,active,2,,,,,,0,0,0,0,0,0,0,0,0,0,,,2026-05-16T16:46:34.528672+00:00,2026-05-16T16:46:34.528672+00:00,
socialmedia-ai-will-financeyf5,"AI Will(@FinanceYF5)",SocialMedia,https://api.xgo.ing/rss/user/aa74321087f9405a872fd9a76b743bf8,https://api.xgo.ing/rss/user/aa74321087f9405a872fd9a76b743bf8,active,2,,,,,,0,0,0,0,0,0,0,0,0,0,,,2026-05-16T16:46:34.461476+00:00,2026-05-16T16:46:34.461476+00:00,
socialmedia-ak-akhaliq,AK(@_akhaliq),SocialMedia,https://api.xgo.ing/rss/user/341f7b9f8d9b477e8bb200caa7f32c6e,https://api.xgo.ing/rss/user/341f7b9f8d9b477e8bb200caa7f32c6e,active,2,,,,,,0,0,0,0,0,0,0,0,0,0,,,2026-05-16T16:46:34.534337+00:00,2026-05-16T16:46:34.534337+00:00,
socialmedia-akshay-kothari-akothari,"Akshay Kothari(@akothari)",SocialMedia,https://api.xgo.ing/rss/user/3434c0d56ee0446f991fb6af42bfac4b,https://api.xgo.ing/rss/user/3434c0d56ee0446f991fb6af42bfac4b,active,2,,,,,,0,0,0,0,0,0,0,0,0,0,,,2026-05-16T16:46:34.454392+00:00,2026-05-16T16:46:34.454392+00:00,
socialmedia-alex-albert-alexalbert,"Alex Albert(@alexalbert__)",SocialMedia,https://api.xgo.ing/rss/user/524525de0d69407b80f0a7d891fdc8df,https://api.xgo.ing/rss/user/524525de0d69407b80f0a7d891fdc8df,active,2,,,,,,0,0,0,0,0,0,0,0,0,0,,,2026-05-16T16:46:34.492196+00:00,2026-05-16T16:46:34.492196+00:00,
socialmedia-aman-sanger-amanrsanger,"Aman Sanger(@amanrsanger)",SocialMedia,https://api.xgo.ing/rss/user/a02496979a0e4d86baf2b72c24db52a4,https://api.xgo.ing/rss/user/a02496979a0e4d86baf2b72c24db52a4,active,2,,,,,,0,0,0,0,0,0,0,0,0,0,,,2026-05-16T16:46:34.488990+00:00,2026-05-16T16:46:34.488990+00:00,
socialmedia-amjad-masad-amasad,"Amjad Masad(@amasad)",SocialMedia,https://api.xgo.ing/rss/user/5fb1814c610c4af2911caa98c5c5ef82,https://api.xgo.ing/rss/user/5fb1814c610c4af2911caa98c5c5ef82,active,2,,,,,,0,0,0,0,0,0,0,0,0,0,,,2026-05-16T16:46:34.533785+00:00,2026-05-16T16:46:34.533785+00:00,
socialmedia-andrej-karpathy-karpathy,"Andrej Karpathy(@karpathy)",SocialMedia,https://api.xgo.ing/rss/user/edf707b5c0b248579085f66d7a3c5524,https://api.xgo.ing/rss/user/edf707b5c0b248579085f66d7a3c5524,active,2,,,,,,0,0,0,0,0,0,0,0,0,0,,,2026-05-16T16:46:34.505139+00:00,2026-05-16T16:46:34.505139+00:00,
socialmedia-andrew-chen-andrewchen,"andrew chen(@andrewchen)",SocialMedia,https://api.xgo.ing/rss/user/a3eb6beb2d894da3a9b7ab6d2e46790e,https://api.xgo.ing/rss/user/a3eb6beb2d894da3a9b7ab6d2e46790e,active,2,,,,,,0,0,0,0,0,0,0,0,0,0,,,2026-05-16T16:46:34.509877+00:00,2026-05-16T16:46:34.509877+00:00,
socialmedia-andrew-ng-andrewyng,"Andrew Ng(@AndrewYNg)",SocialMedia,https://api.xgo.ing/rss/user/08b5488b20bc437c8bfc317a52e5c26d,https://api.xgo.ing/rss/user/08b5488b20bc437c8bfc317a52e5c26d,active,2,,,,,,0,0,0,0,0,0,0,0,0,0,,,2026-05-16T16:46:34.527974+00:00,2026-05-16T16:46:34.527974+00:00,
socialmedia-anthropic-anthropicai,Anthropic(@AnthropicAI),SocialMedia,https://api.xgo.ing/rss/user/fc28a211471b496682feff329ec616e5,https://api.xgo.ing/rss/user/fc28a211471b496682feff329ec616e5,active,2,,,,,,0,0,0,0,0,0,0,0,0,0,,,2026-05-16T16:46:34.471616+00:00,2026-05-16T16:46:34.471616+00:00,
socialmedia-anton-osika-eu-acc-antonosika,"Anton Osika – eu/acc(@antonosika)",SocialMedia,https://api.xgo.ing/rss/user/5f13b32b124a41cfb659f903a84032b1,https://api.xgo.ing/rss/user/5f13b32b124a41cfb659f903a84032b1,active,2,,,,,,0,0,0,0,0,0,0,0,0,0,,,2026-05-16T16:46:34.500802+00:00,2026-05-16T16:46:34.500802+00:00,
socialmedia-aravind-srinivas-aravsrinivas,"Aravind Srinivas(@AravSrinivas)",SocialMedia,https://api.xgo.ing/rss/user/59e6b63ae9684d11be0ae13d9e7420f2,https://api.xgo.ing/rss/user/59e6b63ae9684d11be0ae13d9e7420f2,active,2,,,,,,0,0,0,0,0,0,0,0,0,0,,,2026-05-16T16:46:34.492777+00:00,2026-05-16T16:46:34.492777+00:00,
socialmedia-arthur-mensch-arthurmensch,"Arthur Mensch(@arthurmensch)",SocialMedia,https://api.xgo.ing/rss/user/d8121d969fb34c7daad2dd2aac4ba270,https://api.xgo.ing/rss/user/d8121d969fb34c7daad2dd2aac4ba270,active,2,2026-05-17T03:23:30.517182+00:00,2026-05-17T03:23:30.517182+00:00,,,,0,0,0,0,0,3,3,3,3,3,rss_20260517_032329_222205_socialmedia-arthur-mensch-arthurmensch,2026-05-17T03:23:30.517182+00:00,2026-05-16T16:46:34.458849+00:00,2026-05-17T03:23:30.517182+00:00,
socialmedia-augment-code-augmentcode,"Augment Code(@augmentcode)",SocialMedia,https://api.xgo.ing/rss/user/e153fdd077df458b8298d975c060dcc3,https://api.xgo.ing/rss/user/e153fdd077df458b8298d975c060dcc3,active,2,,,,,,0,0,0,0,0,0,0,0,0,0,,,2026-05-16T16:46:34.468270+00:00,2026-05-16T16:46:34.468270+00:00,
socialmedia-barsee-128054-heybarsee,"Barsee &#128054;(@heyBarsee)",SocialMedia,https://api.xgo.ing/rss/user/244eb9fa77ce4fa3b7fa5ceba80027a4,https://api.xgo.ing/rss/user/244eb9fa77ce4fa3b7fa5ceba80027a4,active,2,2026-05-17T03:16:53.333677+00:00,2026-05-17T03:16:53.333677+00:00,,,,0,0,0,0,0,6,6,6,6,6,rss_20260517_031651_978220_socialmedia-barsee-128054-heybarsee,2026-05-17T03:16:53.333677+00:00,2026-05-16T16:46:34.486509+00:00,2026-05-17T03:16:53.333677+00:00,
socialmedia-berkeley-ai-research-berkeley-ai,"Berkeley AI Research(@berkeley_ai)",SocialMedia,https://api.xgo.ing/rss/user/6bbf31cac345443585c3280320ba9009,https://api.xgo.ing/rss/user/6bbf31cac345443585c3280320ba9009,active,2,2026-05-17T03:19:56.581259+00:00,2026-05-17T03:19:56.581259+00:00,,,,0,0,0,0,0,5,5,5,5,5,rss_20260517_031955_065170_socialmedia-berkeley-ai-research-berkeley-ai,2026-05-17T03:19:56.581259+00:00,2026-05-16T16:46:34.485342+00:00,2026-05-17T03:19:56.581259+00:00,
socialmedia-binyuan-hui-huybery,"Binyuan Hui(@huybery)",SocialMedia,https://api.xgo.ing/rss/user/f54b2b40185943ce8f48a880110b7bc2,https://api.xgo.ing/rss/user/f54b2b40185943ce8f48a880110b7bc2,active,2,,,,,,0,0,0,0,0,0,0,0,0,0,,,2026-05-16T16:46:34.487810+00:00,2026-05-16T16:46:34.487810+00:00,
socialmedia-bolt-new-boltdotnew,bolt.new(@boltdotnew),SocialMedia,https://api.xgo.ing/rss/user/760ab7cd9708452c9ce1f9144b92a430,https://api.xgo.ing/rss/user/760ab7cd9708452c9ce1f9144b92a430,active,2,,,,,,0,0,0,0,0,0,0,0,0,0,,,2026-05-16T16:46:34.475631+00:00,2026-05-16T16:46:34.475631+00:00,
socialmedia-browser-use-browser-use,"Browser Use(@browser_use)",SocialMedia,https://api.xgo.ing/rss/user/b8d7530f0b294405825013bbc1cc198f,https://api.xgo.ing/rss/user/b8d7530f0b294405825013bbc1cc198f,active,2,,,,,,0,0,0,0,0,0,0,0,0,0,,,2026-05-16T16:46:34.460008+00:00,2026-05-16T16:46:34.460008+00:00,
socialmedia-cat-catwu,cat(@_catwu),SocialMedia,https://api.xgo.ing/rss/user/66a6b39ddcfa42e39621e0ab293c1bdd,https://api.xgo.ing/rss/user/66a6b39ddcfa42e39621e0ab293c1bdd,active,2,,,,,,0,0,0,0,0,0,0,0,0,0,,,2026-05-16T16:46:34.500029+00:00,2026-05-16T16:46:34.500029+00:00,
socialmedia-character-ai-character-ai,Character.AI(@character_ai),SocialMedia,https://api.xgo.ing/rss/user/3877c31cdb554cffb750b3b683c98c4d,https://api.xgo.ing/rss/user/3877c31cdb554cffb750b3b683c98c4d,active,2,,,,,,0,0,0,0,0,0,0,0,0,0,,,2026-05-16T16:46:34.538298+00:00,2026-05-16T16:46:34.538298+00:00,
socialmedia-chatgpt-chatgptapp,ChatGPT(@ChatGPTapp),SocialMedia,https://api.xgo.ing/rss/user/f7992687b8d74b14bf2341eb3a0a5ec4,https://api.xgo.ing/rss/user/f7992687b8d74b14bf2341eb3a0a5ec4,active,2,,,,,,0,0,0,0,0,0,0,0,0,0,,,2026-05-16T16:46:34.484712+00:00,2026-05-16T16:46:34.484712+00:00,
socialmedia-clem-129303-clementdelangue,"clem &#129303;(@ClementDelangue)",SocialMedia,https://api.xgo.ing/rss/user/5dbd038a8f5140938d0877511571797b,https://api.xgo.ing/rss/user/5dbd038a8f5140938d0877511571797b,active,2,,,,,,0,0,0,0,0,0,0,0,0,0,,,2026-05-16T16:46:34.478633+00:00,2026-05-16T16:46:34.478633+00:00,
socialmedia-cognition-cognition-labs,Cognition(@cognition_labs),SocialMedia,https://api.xgo.ing/rss/user/4cc14cbd15c74e189d537c415369e1a7,https://api.xgo.ing/rss/user/4cc14cbd15c74e189d537c415369e1a7,active,2,,,,,,0,0,0,0,0,0,0,0,0,0,,,2026-05-16T16:46:34.509253+00:00,2026-05-16T16:46:34.509253+00:00,
socialmedia-cohere-cohere,cohere(@cohere),SocialMedia,https://api.xgo.ing/rss/user/462aa134ed914f98b3491680ad9b36ed,https://api.xgo.ing/rss/user/462aa134ed914f98b3491680ad9b36ed,active,2,,,,,,0,0,0,0,0,0,0,0,0,0,,,2026-05-16T16:46:34.488401+00:00,2026-05-16T16:46:34.488401+00:00,
socialmedia-cursor-cursor-ai,Cursor(@cursor_ai),SocialMedia,https://api.xgo.ing/rss/user/5287b4e0e13a4ab7ab7b1d56f9d88960,https://api.xgo.ing/rss/user/5287b4e0e13a4ab7ab7b1d56f9d88960,active,2,,,,,,0,0,0,0,0,0,0,0,0,0,,,2026-05-16T16:46:34.532565+00:00,2026-05-16T16:46:34.532565+00:00,
socialmedia-dario-amodei-darioamodei,"Dario Amodei(@DarioAmodei)",SocialMedia,https://api.xgo.ing/rss/user/49666ce6fe3e4cb786c6574684542ec5,https://api.xgo.ing/rss/user/49666ce6fe3e4cb786c6574684542ec5,active,2,2026-05-17T03:27:45.849615+00:00,2026-05-17T03:27:45.849615+00:00,,,,0,0,0,1,1,8,8,9,9,9,rss_20260517_032723_815801_socialmedia-dario-amodei-darioamodei,2026-05-17T03:27:45.849615+00:00,2026-05-16T16:46:34.480825+00:00,2026-05-17T03:27:45.849615+00:00,
socialmedia-deeplearning-ai-deeplearningai,DeepLearning.AI(@DeepLearningAI),SocialMedia,https://api.xgo.ing/rss/user/42e6b4901b97498eab2ab64c07d56177,https://api.xgo.ing/rss/user/42e6b4901b97498eab2ab64c07d56177,active,2,,,,,,0,0,0,0,0,0,0,0,0,0,,,2026-05-16T16:46:34.506339+00:00,2026-05-16T16:46:34.506339+00:00,
socialmedia-deepseek-deepseek-ai,DeepSeek(@deepseek_ai),SocialMedia,https://api.xgo.ing/rss/user/68b610deb24b47ae9a236811563cda86,https://api.xgo.ing/rss/user/68b610deb24b47ae9a236811563cda86,active,2,,,,,,0,0,0,0,0,0,0,0,0,0,,,2026-05-16T16:46:34.453262+00:00,2026-05-16T16:46:34.453262+00:00,
socialmedia-demis-hassabis-demishassabis,"Demis Hassabis(@demishassabis)",SocialMedia,https://api.xgo.ing/rss/user/4a884d5e2f3740c5a26c9c093de6388a,https://api.xgo.ing/rss/user/4a884d5e2f3740c5a26c9c093de6388a,active,2,,,,,,0,0,0,0,0,0,0,0,0,0,,,2026-05-16T16:46:34.508676+00:00,2026-05-16T16:46:34.508676+00:00,
socialmedia-dia-diabrowser,Dia(@diabrowser),SocialMedia,https://api.xgo.ing/rss/user/6384ee3c656c48fea5e8b3cdacece4d0,https://api.xgo.ing/rss/user/6384ee3c656c48fea5e8b3cdacece4d0,active,2,,,,,,0,0,0,0,0,0,0,0,0,0,,,2026-05-16T16:46:34.451996+00:00,2026-05-16T16:46:34.451996+00:00,
socialmedia-dify-dify-ai,Dify(@dify_ai),SocialMedia,https://api.xgo.ing/rss/user/0be252fedbe84ad7bea21be44b18da89,https://api.xgo.ing/rss/user/0be252fedbe84ad7bea21be44b18da89,active,2,,,,,,0,0,0,0,0,0,0,0,0,0,,,2026-05-16T16:46:34.539403+00:00,2026-05-16T16:46:34.539403+00:00,
socialmedia-dotey,"宝玉(@dotey)",SocialMedia,https://api.xgo.ing/rss/user/97f1484ae48c430fbbf3438099743674,https://api.xgo.ing/rss/user/97f1484ae48c430fbbf3438099743674,broken,2,2026-05-17T03:30:12.180138+00:00,,2026-05-17T03:30:12.180138+00:00,rss_parse_error,"failed to parse feed: <unknown>:2:0: not well-formed (invalid token)",5,5,5,0,0,0,0,0,0,0,rss_20260517_033011_019323_socialmedia-dotey,2026-05-17T03:30:12.180138+00:00,2026-05-16T16:46:34.521675+00:00,2026-05-17T03:30:12.180138+00:00,
socialmedia-elevenlabs-elevenlabsio,ElevenLabs(@elevenlabsio),SocialMedia,https://api.xgo.ing/rss/user/1897eed387064dfab443764d6da50bc6,https://api.xgo.ing/rss/user/1897eed387064dfab443764d6da50bc6,active,2,,,,,,0,0,0,0,0,0,0,0,0,0,,,2026-05-16T16:46:34.530424+00:00,2026-05-16T16:46:34.530424+00:00,
socialmedia-elvis-omarsar0,elvis(@omarsar0),SocialMedia,https://api.xgo.ing/rss/user/931d6e88e067496cac6bf23f69d60f33,https://api.xgo.ing/rss/user/931d6e88e067496cac6bf23f69d60f33,active,2,,,,,,0,0,0,0,0,0,0,0,0,0,,,2026-05-16T16:46:34.494602+00:00,2026-05-16T16:46:34.494602+00:00,
socialmedia-eric-jing-ericjing-ai,"Eric Jing(@ericjing_ai)",SocialMedia,https://api.xgo.ing/rss/user/ddfdcdd4e390495c942f0b5da62af0fb,https://api.xgo.ing/rss/user/ddfdcdd4e390495c942f0b5da62af0fb,active,2,,,,,,0,0,0,0,0,0,0,0,0,0,,,2026-05-16T16:46:34.540027+00:00,2026-05-16T16:46:34.540027+00:00,
socialmedia-eric-zakariasson-ericzakariasson,"eric zakariasson(@ericzakariasson)",SocialMedia,https://api.xgo.ing/rss/user/65f321be670b4ffba7f40d0afd38c94d,https://api.xgo.ing/rss/user/65f321be670b4ffba7f40d0afd38c94d,active,2,,,,,,0,0,0,0,0,0,0,0,0,0,,,2026-05-16T16:46:34.477120+00:00,2026-05-16T16:46:34.477120+00:00,
socialmedia-fei-fei-li-drfeifei,"Fei-Fei Li(@drfeifei)",SocialMedia,https://api.xgo.ing/rss/user/a4bfe44bfc0d4c949da21ebd3f5f42a5,https://api.xgo.ing/rss/user/a4bfe44bfc0d4c949da21ebd3f5f42a5,active,2,,,,,,0,0,0,0,0,0,0,0,0,0,,,2026-05-16T16:46:34.505709+00:00,2026-05-16T16:46:34.505709+00:00,
socialmedia-fellou-fellouai,Fellou(@FellouAI),SocialMedia,https://api.xgo.ing/rss/user/326763c2f6154826babcfd71c5ab0f70,https://api.xgo.ing/rss/user/326763c2f6154826babcfd71c5ab0f70,active,2,,,,,,0,0,0,0,0,0,0,0,0,0,,,2026-05-16T16:46:34.519805+00:00,2026-05-16T16:46:34.519805+00:00,
socialmedia-figma-figma,Figma(@figma),SocialMedia,https://api.xgo.ing/rss/user/f8a106a09a7d404fb8de7eb0c5ddd2a2,https://api.xgo.ing/rss/user/f8a106a09a7d404fb8de7eb0c5ddd2a2,active,2,,,,,,0,0,0,0,0,0,0,0,0,0,,,2026-05-16T16:46:34.524228+00:00,2026-05-16T16:46:34.524228+00:00,
socialmedia-firecrawl-firecrawl-dev,Firecrawl(@firecrawl_dev),SocialMedia,https://api.xgo.ing/rss/user/c04abb206bbf4f91b22795024d6c0614,https://api.xgo.ing/rss/user/c04abb206bbf4f91b22795024d6c0614,active,2,,,,,,0,0,0,0,0,0,0,0,0,0,,,2026-05-16T16:46:34.469364+00:00,2026-05-16T16:46:34.469364+00:00,
socialmedia-fireworks-ai-fireworksai-hq,"Fireworks AI(@FireworksAI_HQ)",SocialMedia,https://api.xgo.ing/rss/user/9f35c76341554bd78c2b9e63dc4fa5d8,https://api.xgo.ing/rss/user/9f35c76341554bd78c2b9e63dc4fa5d8,active,2,,,,,,0,0,0,0,0,0,0,0,0,0,,,2026-05-16T16:46:34.473405+00:00,2026-05-16T16:46:34.473405+00:00,
socialmedia-fish-audio-fishaudio,"Fish Audio(@FishAudio)",SocialMedia,https://api.xgo.ing/rss/user/4900b3dcd592424687582ff9e0f148ea,https://api.xgo.ing/rss/user/4900b3dcd592424687582ff9e0f148ea,active,2,,,,,,0,0,0,0,0,0,0,0,0,0,,,2026-05-16T16:46:34.529838+00:00,2026-05-16T16:46:34.529838+00:00,
socialmedia-flowiseai-flowiseai,FlowiseAI(@FlowiseAI),SocialMedia,https://api.xgo.ing/rss/user/be74da51698d4cefb12b39830d6cd201,https://api.xgo.ing/rss/user/be74da51698d4cefb12b39830d6cd201,active,2,,,,,,0,0,0,0,0,0,0,0,0,0,,,2026-05-16T16:46:34.502124+00:00,2026-05-16T16:46:34.502124+00:00,
socialmedia-gary-marcus-garymarcus,"Gary Marcus(@GaryMarcus)",SocialMedia,https://api.xgo.ing/rss/user/35a38c5646d946fb894d8c30c1d9629e,https://api.xgo.ing/rss/user/35a38c5646d946fb894d8c30c1d9629e,active,2,,,,,,0,0,0,0,0,0,0,0,0,0,,,2026-05-16T16:46:34.464942+00:00,2026-05-16T16:46:34.464942+00:00,
socialmedia-genspark-genspark-ai,Genspark(@genspark_ai),SocialMedia,https://api.xgo.ing/rss/user/71ffd342cb5d478185ef7d55bdfca011,https://api.xgo.ing/rss/user/71ffd342cb5d478185ef7d55bdfca011,active,2,,,,,,0,0,0,0,0,0,0,0,0,0,,,2026-05-16T16:46:34.493345+00:00,2026-05-16T16:46:34.493345+00:00,
socialmedia-geoffrey-hinton-geoffreyhinton,"Geoffrey Hinton(@geoffreyhinton)",SocialMedia,https://api.xgo.ing/rss/user/cb6169815e2e447e8e6148a4af3f9686,https://api.xgo.ing/rss/user/cb6169815e2e447e8e6148a4af3f9686,active,2,,,,,,0,0,0,0,0,0,0,0,0,0,,,2026-05-16T16:46:34.481420+00:00,2026-05-16T16:46:34.481420+00:00,
socialmedia-google-ai-developers-googleaidevs,"Google AI Developers(@googleaidevs)",SocialMedia,https://api.xgo.ing/rss/user/69d925d4a8d44221b03eecbe07bd0f74,https://api.xgo.ing/rss/user/69d925d4a8d44221b03eecbe07bd0f74,active,2,,,,,,0,0,0,0,0,0,0,0,0,0,,,2026-05-16T16:46:34.526079+00:00,2026-05-16T16:46:34.526079+00:00,
socialmedia-google-ai-googleai,"Google AI(@GoogleAI)",SocialMedia,https://api.xgo.ing/rss/user/4de0bd2d5cef4333a0260dc8157054a7,https://api.xgo.ing/rss/user/4de0bd2d5cef4333a0260dc8157054a7,active,2,,,,,,0,0,0,0,0,0,0,0,0,0,,,2026-05-16T16:46:34.495184+00:00,2026-05-16T16:46:34.495184+00:00,
socialmedia-google-deepmind-googledeepmind,"Google DeepMind(@GoogleDeepMind)",SocialMedia,https://api.xgo.ing/rss/user/a99538443a484fcc846bdcc8f50745ec,https://api.xgo.ing/rss/user/a99538443a484fcc846bdcc8f50745ec,active,2,,,,,,0,0,0,0,0,0,0,0,0,0,,,2026-05-16T16:46:34.517431+00:00,2026-05-16T16:46:34.517431+00:00,
socialmedia-google-gemini-app-geminiapp,"Google Gemini App(@GeminiApp)",SocialMedia,https://api.xgo.ing/rss/user/6fb337feeec44ca38b79491b971d868d,https://api.xgo.ing/rss/user/6fb337feeec44ca38b79491b971d868d,active,2,,,,,,0,0,0,0,0,0,0,0,0,0,,,2026-05-16T16:46:34.533208+00:00,2026-05-16T16:46:34.533208+00:00,
socialmedia-greg-brockman-gdb,"Greg Brockman(@gdb)",SocialMedia,https://api.xgo.ing/rss/user/af19d054e26a49129f23abfa82d9e268,https://api.xgo.ing/rss/user/af19d054e26a49129f23abfa82d9e268,active,2,,,,,,0,0,0,0,0,0,0,0,0,0,,,2026-05-16T16:46:34.494016+00:00,2026-05-16T16:46:34.494016+00:00,
socialmedia-groq-inc-groqinc,"Groq Inc(@GroqInc)",SocialMedia,https://api.xgo.ing/rss/user/771b32075fe54a83bdb6966de9647b4f,https://api.xgo.ing/rss/user/771b32075fe54a83bdb6966de9647b4f,active,2,,,,,,0,0,0,0,0,0,0,0,0,0,,,2026-05-16T16:46:34.534951+00:00,2026-05-16T16:46:34.534951+00:00,
socialmedia-guillermo-rauch-rauchg,"Guillermo Rauch(@rauchg)",SocialMedia,https://api.xgo.ing/rss/user/e8750659b8154dbfa0489f451e044af1,https://api.xgo.ing/rss/user/e8750659b8154dbfa0489f451e044af1,active,2,,,,,,0,0,0,0,0,0,0,0,0,0,,,2026-05-16T16:46:34.462090+00:00,2026-05-16T16:46:34.462090+00:00,
socialmedia-guizang-ai-op7418,"歸藏(guizang.ai)(@op7418)",SocialMedia,https://api.xgo.ing/rss/user/831fac36aa0a49a9af79f35dc1c9b5d9,https://api.xgo.ing/rss/user/831fac36aa0a49a9af79f35dc1c9b5d9,active,2,,,,,,0,0,0,0,0,0,0,0,0,0,,,2026-05-16T16:46:34.454995+00:00,2026-05-16T16:46:34.454995+00:00,
socialmedia-hailuo-ai-minimax-hailuo-ai,"Hailuo AI (MiniMax)(@Hailuo_AI)",SocialMedia,https://api.xgo.ing/rss/user/e65b5e59fcb544918c1ba17f5758f0f8,https://api.xgo.ing/rss/user/e65b5e59fcb544918c1ba17f5758f0f8,active,2,,,,,,0,0,0,0,0,0,0,0,0,0,,,2026-05-16T16:46:34.472804+00:00,2026-05-16T16:46:34.472804+00:00,
socialmedia-harrison-chase-hwchase17,"Harrison Chase(@hwchase17)",SocialMedia,https://api.xgo.ing/rss/user/f299207df53745bca04a03db8d11c5aa,https://api.xgo.ing/rss/user/f299207df53745bca04a03db8d11c5aa,active,2,,,,,,0,0,0,0,0,0,0,0,0,0,,,2026-05-16T16:46:34.482057+00:00,2026-05-16T16:46:34.482057+00:00,
socialmedia-heygen-heygen-official,HeyGen(@HeyGen_Official),SocialMedia,https://api.xgo.ing/rss/user/a9aff6b016c143ed8728dd86eb70d7db,https://api.xgo.ing/rss/user/a9aff6b016c143ed8728dd86eb70d7db,active,2,,,,,,0,0,0,0,0,0,0,0,0,0,,,2026-05-16T16:46:34.529259+00:00,2026-05-16T16:46:34.529259+00:00,
socialmedia-hugging-face-huggingface,"Hugging Face(@huggingface)",SocialMedia,https://api.xgo.ing/rss/user/fc16750ce50741f1b1f05ea1fb29436f,https://api.xgo.ing/rss/user/fc16750ce50741f1b1f05ea1fb29436f,active,2,,,,,,0,0,0,0,0,0,0,0,0,0,,,2026-05-16T16:46:34.448797+00:00,2026-05-16T16:46:34.448797+00:00,
socialmedia-hunyuan-txhunyuan,Hunyuan(@TXhunyuan),SocialMedia,https://api.xgo.ing/rss/user/6e8e7b42cb434818810f87bcf77d86fb,https://api.xgo.ing/rss/user/6e8e7b42cb434818810f87bcf77d86fb,active,2,,,,,,0,0,0,0,0,0,0,0,0,0,,,2026-05-16T16:46:34.516807+00:00,2026-05-16T16:46:34.516807+00:00,
socialmedia-ian-goodfellow-goodfellow-ian,"Ian Goodfellow(@goodfellow_ian)",SocialMedia,https://api.xgo.ing/rss/user/57831559d22440debbfb2f2528e4ba84,https://api.xgo.ing/rss/user/57831559d22440debbfb2f2528e4ba84,active,2,,,,,,0,0,0,0,0,0,0,0,0,0,,,2026-05-16T16:46:34.522966+00:00,2026-05-16T16:46:34.522966+00:00,
socialmedia-ideogram-ideogram-ai,Ideogram(@ideogram_ai),SocialMedia,https://api.xgo.ing/rss/user/a719880fe66e4156a111187f50dae91b,https://api.xgo.ing/rss/user/a719880fe66e4156a111187f50dae91b,active,2,,,,,,0,0,0,0,0,0,0,0,0,0,,,2026-05-16T16:46:34.508099+00:00,2026-05-16T16:46:34.508099+00:00,
socialmedia-imxiaohu,"小互(@imxiaohu)",SocialMedia,https://api.xgo.ing/rss/user/74e542992cf7441390c708f5601071d4,https://api.xgo.ing/rss/user/74e542992cf7441390c708f5601071d4,active,2,,,,,,0,0,0,0,0,0,0,0,0,0,,,2026-05-16T16:46:34.449449+00:00,2026-05-16T16:46:34.449449+00:00,
socialmedia-jan-leike-janleike,"Jan Leike(@janleike)",SocialMedia,https://api.xgo.ing/rss/user/dceb5cd131b34c72a8376cba8ea5d864,https://api.xgo.ing/rss/user/dceb5cd131b34c72a8376cba8ea5d864,active,2,,,,,,0,0,0,0,0,0,0,0,0,0,,,2026-05-16T16:46:34.464361+00:00,2026-05-16T16:46:34.464361+00:00,
socialmedia-jeff-dean-jeffdean,"Jeff Dean(@JeffDean)",SocialMedia,https://api.xgo.ing/rss/user/b1013166769c49f8aa3fbdc222867054,https://api.xgo.ing/rss/user/b1013166769c49f8aa3fbdc222867054,active,2,,,,,,0,0,0,0,0,0,0,0,0,0,,,2026-05-16T16:46:34.483348+00:00,2026-05-16T16:46:34.483348+00:00,
socialmedia-jerry-liu-jerryjliu0,"Jerry Liu(@jerryjliu0)",SocialMedia,https://api.xgo.ing/rss/user/b3d904c0d7c446558ef3a1e7f2eb362b,https://api.xgo.ing/rss/user/b3d904c0d7c446558ef3a1e7f2eb362b,active,2,,,,,,0,0,0,0,0,0,0,0,0,0,,,2026-05-16T16:46:34.496381+00:00,2026-05-16T16:46:34.496381+00:00,
socialmedia-jim-fan-drjimfan,"Jim Fan(@DrJimFan)",SocialMedia,https://api.xgo.ing/rss/user/c6cfe7c0d6b74849997073233fdea840,https://api.xgo.ing/rss/user/c6cfe7c0d6b74849997073233fdea840,active,2,,,,,,0,0,0,0,0,0,0,0,0,0,,,2026-05-16T16:46:34.453837+00:00,2026-05-16T16:46:34.453837+00:00,
socialmedia-jina-ai-jinaai,"Jina AI(@JinaAI_)",SocialMedia,https://api.xgo.ing/rss/user/f510f6e7eecf456ca7e2895a46752888,https://api.xgo.ing/rss/user/f510f6e7eecf456ca7e2895a46752888,active,2,,,,,,0,0,0,0,0,0,0,0,0,0,,,2026-05-16T16:46:34.503913+00:00,2026-05-16T16:46:34.503913+00:00,
socialmedia-julien-chaumond-julien-c,"Julien Chaumond(@julien_c)",SocialMedia,https://api.xgo.ing/rss/user/44d9fa384087448a94d3c8595f8d535e,https://api.xgo.ing/rss/user/44d9fa384087448a94d3c8595f8d535e,active,2,,,,,,0,0,0,0,0,0,0,0,0,0,,,2026-05-16T16:46:34.521031+00:00,2026-05-16T16:46:34.521031+00:00,
socialmedia-junyang-lin-justinlin610,"Junyang Lin(@JustinLin610)",SocialMedia,https://api.xgo.ing/rss/user/082097117b4543e9a741cd2580f936d3,https://api.xgo.ing/rss/user/082097117b4543e9a741cd2580f936d3,active,2,,,,,,0,0,0,0,0,0,0,0,0,0,,,2026-05-16T16:46:34.491609+00:00,2026-05-16T16:46:34.491609+00:00,
socialmedia-justin-welsh-thejustinwelsh,"Justin Welsh(@thejustinwelsh)",SocialMedia,https://api.xgo.ing/rss/user/58894bf2934a426ca833c682da2bc810,https://api.xgo.ing/rss/user/58894bf2934a426ca833c682da2bc810,active,2,,,,,,0,0,0,0,0,0,0,0,0,0,,,2026-05-16T16:46:34.497604+00:00,2026-05-16T16:46:34.497604+00:00,
socialmedia-justine-moore-venturetwins,"Justine Moore(@venturetwins)",SocialMedia,https://api.xgo.ing/rss/user/c61046471f174d86bc0eb76cb44a21c3,https://api.xgo.ing/rss/user/c61046471f174d86bc0eb76cb44a21c3,active,2,,,,,,0,0,0,0,0,0,0,0,0,0,,,2026-05-16T16:46:34.474190+00:00,2026-05-16T16:46:34.474190+00:00,
socialmedia-kevin-weil-127482-127480-kevinweil,"Kevin Weil &#127482;&#127480;(@kevinweil)",SocialMedia,https://api.xgo.ing/rss/user/3ca3c7698fd04611a0e7d14fae93c84c,https://api.xgo.ing/rss/user/3ca3c7698fd04611a0e7d14fae93c84c,active,2,,,,,,0,0,0,0,0,0,0,0,0,0,,,2026-05-16T16:46:34.482754+00:00,2026-05-16T16:46:34.482754+00:00,
socialmedia-kling-ai-kling-ai,"Kling AI(@Kling_ai)",SocialMedia,https://api.xgo.ing/rss/user/564237c3de274d58a04f064920817888,https://api.xgo.ing/rss/user/564237c3de274d58a04f064920817888,active,2,,,,,,0,0,0,0,0,0,0,0,0,0,,,2026-05-16T16:46:34.466606+00:00,2026-05-16T16:46:34.466606+00:00,
socialmedia-langchain-langchainai,LangChain(@LangChainAI),SocialMedia,https://api.xgo.ing/rss/user/862fee50a745423c87e2633b274caf1d,https://api.xgo.ing/rss/user/862fee50a745423c87e2633b274caf1d,active,2,,,,,,0,0,0,0,0,0,0,0,0,0,,,2026-05-16T16:46:34.479369+00:00,2026-05-16T16:46:34.479369+00:00,
socialmedia-latent-space-latentspacepod,Latent.Space(@latentspacepod),SocialMedia,https://api.xgo.ing/rss/user/a7be8b61a1264ea7984abfaea3eff686,https://api.xgo.ing/rss/user/a7be8b61a1264ea7984abfaea3eff686,active,2,,,,,,0,0,0,0,0,0,0,0,0,0,,,2026-05-16T16:46:34.507481+00:00,2026-05-16T16:46:34.507481+00:00,
socialmedia-lee-robinson-leerob,"Lee Robinson(@leerob)",SocialMedia,https://api.xgo.ing/rss/user/dc2426bc8348495189b45451d1707a1c,https://api.xgo.ing/rss/user/dc2426bc8348495189b45451d1707a1c,active,2,,,,,,0,0,0,0,0,0,0,0,0,0,,,2026-05-16T16:46:34.541204+00:00,2026-05-16T16:46:34.541204+00:00,
socialmedia-lenny-rachitsky-lennysan,"Lenny Rachitsky(@lennysan)",SocialMedia,https://api.xgo.ing/rss/user/77d5ce4736854b0ebae603e4b54d3095,https://api.xgo.ing/rss/user/77d5ce4736854b0ebae603e4b54d3095,active,2,,,,,,0,0,0,0,0,0,0,0,0,0,,,2026-05-16T16:46:34.466075+00:00,2026-05-16T16:46:34.466075+00:00,
socialmedia-lex-fridman-lexfridman,"Lex Fridman(@lexfridman)",SocialMedia,https://api.xgo.ing/rss/user/adf65931519340f795e2336910b4cd15,https://api.xgo.ing/rss/user/adf65931519340f795e2336910b4cd15,active,2,,,,,,0,0,0,0,0,0,0,0,0,0,,,2026-05-16T16:46:34.519210+00:00,2026-05-16T16:46:34.519210+00:00,
socialmedia-lijigang-com,"李继刚(@lijigang_com)",SocialMedia,https://api.xgo.ing/rss/user/ca2fa444b6ea4b8b974fe148056e497a,https://api.xgo.ing/rss/user/ca2fa444b6ea4b8b974fe148056e497a,active,2,,,,,,0,0,0,0,0,0,0,0,0,0,,,2026-05-16T16:46:34.503295+00:00,2026-05-16T16:46:34.503295+00:00,
socialmedia-lilian-weng-lilianweng,"Lilian Weng(@lilianweng)",SocialMedia,https://api.xgo.ing/rss/user/a8f7e2238039461cbc8bf55f5f194498,https://api.xgo.ing/rss/user/a8f7e2238039461cbc8bf55f5f194498,active,2,,,,,,0,0,0,0,0,0,0,0,0,0,,,2026-05-16T16:46:34.467196+00:00,2026-05-16T16:46:34.467196+00:00,
socialmedia-llamaindex-129433-llama-index,"LlamaIndex &#129433;(@llama_index)",SocialMedia,https://api.xgo.ing/rss/user/67e259bd5be544ce84bbc867eace54c2,https://api.xgo.ing/rss/user/67e259bd5be544ce84bbc867eace54c2,active,2,,,,,,0,0,0,0,0,0,0,0,0,0,,,2026-05-16T16:46:34.495795+00:00,2026-05-16T16:46:34.495795+00:00,
socialmedia-lmarena-ai-lmarena-ai,lmarena.ai(@lmarena_ai),SocialMedia,https://api.xgo.ing/rss/user/f01b088d5a39473e854b07143df77ec5,https://api.xgo.ing/rss/user/f01b088d5a39473e854b07143df77ec5,active,2,,,,,,0,0,0,0,0,0,0,0,0,0,,,2026-05-16T16:46:34.456923+00:00,2026-05-16T16:46:34.456923+00:00,
socialmedia-logan-kilpatrick-officiallogank,"Logan Kilpatrick(@OfficialLoganK)",SocialMedia,https://api.xgo.ing/rss/user/4f63d960de644aeebd0aa97e4994dafe,https://api.xgo.ing/rss/user/4f63d960de644aeebd0aa97e4994dafe,active,2,,,,,,0,0,0,0,0,0,0,0,0,0,,,2026-05-16T16:46:34.512391+00:00,2026-05-16T16:46:34.512391+00:00,
socialmedia-lovable-lovable-dev,Lovable(@lovable_dev),SocialMedia,https://api.xgo.ing/rss/user/639cd13d44284e10ac89fbd1c5399767,https://api.xgo.ing/rss/user/639cd13d44284e10ac89fbd1c5399767,active,2,,,,,,0,0,0,0,0,0,0,0,0,0,,,2026-05-16T16:46:34.499397+00:00,2026-05-16T16:46:34.499397+00:00,
socialmedia-lovartai-lovart-ai,LovartAI(@lovart_ai),SocialMedia,https://api.xgo.ing/rss/user/db648e4d4eae4822aa0d34f0faef7ad2,https://api.xgo.ing/rss/user/db648e4d4eae4822aa0d34f0faef7ad2,active,2,,,,,,0,0,0,0,0,0,0,0,0,0,,,2026-05-16T16:46:34.537701+00:00,2026-05-16T16:46:34.537701+00:00,
socialmedia-manusai-manusai-hq,ManusAI(@ManusAI_HQ),SocialMedia,https://api.xgo.ing/rss/user/320181c4651a41a08015946b55f704ab,https://api.xgo.ing/rss/user/320181c4651a41a08015946b55f704ab,active,2,,,,,,0,0,0,0,0,0,0,0,0,0,,,2026-05-16T16:46:34.535721+00:00,2026-05-16T16:46:34.535721+00:00,
socialmedia-marc-andreessen-127482-127480-pmarca,"Marc Andreessen &#127482;&#127480;(@pmarca)",SocialMedia,https://api.xgo.ing/rss/user/63316630d94543f5a6480f230f483008,https://api.xgo.ing/rss/user/63316630d94543f5a6480f230f483008,active,2,,,,,,0,0,0,0,0,0,0,0,0,0,,,2026-05-16T16:46:34.496983+00:00,2026-05-16T16:46:34.496983+00:00,
socialmedia-mem0-mem0ai,mem0(@mem0ai),SocialMedia,https://api.xgo.ing/rss/user/94bb691baeff461686326af619beb116,https://api.xgo.ing/rss/user/94bb691baeff461686326af619beb116,active,2,,,,,,0,0,0,0,0,0,0,0,0,0,,,2026-05-16T16:46:34.515071+00:00,2026-05-16T16:46:34.515071+00:00,
socialmedia-meng-shao-shao-meng,"meng shao(@shao__meng)",SocialMedia,https://api.xgo.ing/rss/user/48aae530e0bf413aa7d44380f418e2e3,https://api.xgo.ing/rss/user/48aae530e0bf413aa7d44380f418e2e3,active,2,,,,,,0,0,0,0,0,0,0,0,0,0,,,2026-05-16T16:46:34.536433+00:00,2026-05-16T16:46:34.536433+00:00,
socialmedia-microsoft-research-msftresearch,"Microsoft Research(@MSFTResearch)",SocialMedia,https://api.xgo.ing/rss/user/61f4b78554fb4b8fa5653ec5d924d15a,https://api.xgo.ing/rss/user/61f4b78554fb4b8fa5653ec5d924d15a,active,2,,,,,,0,0,0,0,0,0,0,0,0,0,,,2026-05-16T16:46:34.490293+00:00,2026-05-16T16:46:34.490293+00:00,
socialmedia-midjourney-midjourney,Midjourney(@midjourney),SocialMedia,https://api.xgo.ing/rss/user/72dd496bfd9d44c5a5761a974630376d,https://api.xgo.ing/rss/user/72dd496bfd9d44c5a5761a974630376d,active,2,,,,,,0,0,0,0,0,0,0,0,0,0,,,2026-05-16T16:46:34.476276+00:00,2026-05-16T16:46:34.476276+00:00,
socialmedia-mike-krieger-mikeyk,"Mike Krieger(@mikeyk)",SocialMedia,https://api.xgo.ing/rss/user/78d7b99318b04b309b04000f7e24da29,https://api.xgo.ing/rss/user/78d7b99318b04b309b04000f7e24da29,active,2,,,,,,0,0,0,0,0,0,0,0,0,0,,,2026-05-16T16:46:34.447247+00:00,2026-05-16T16:46:34.447247+00:00,
socialmedia-milvus-milvusio,Milvus(@milvusio),SocialMedia,https://api.xgo.ing/rss/user/424e67b19eed4500b7a440976bbd2ade,https://api.xgo.ing/rss/user/424e67b19eed4500b7a440976bbd2ade,active,2,,,,,,0,0,0,0,0,0,0,0,0,0,,,2026-05-16T16:46:34.522342+00:00,2026-05-16T16:46:34.522342+00:00,
socialmedia-mistral-ai-mistralai,"Mistral AI(@MistralAI)",SocialMedia,https://api.xgo.ing/rss/user/8d2d03aea8af49818096da4ea00409d1,https://api.xgo.ing/rss/user/8d2d03aea8af49818096da4ea00409d1,active,2,,,,,,0,0,0,0,0,0,0,0,0,0,,,2026-05-16T16:46:34.450877+00:00,2026-05-16T16:46:34.450877+00:00,
socialmedia-monica-im-hey-im-monica,Monica_IM(@hey_im_monica),SocialMedia,https://api.xgo.ing/rss/user/5d749cc613ec4069bb2a47334739e1b6,https://api.xgo.ing/rss/user/5d749cc613ec4069bb2a47334739e1b6,active,2,,,,,,0,0,0,0,0,0,0,0,0,0,,,2026-05-16T16:46:34.465532+00:00,2026-05-16T16:46:34.465532+00:00,
socialmedia-mustafa-suleyman-mustafasuleyman,"Mustafa Suleyman(@mustafasuleyman)",SocialMedia,https://api.xgo.ing/rss/user/394acfaff8c44e09936f5bc0b8504f2c,https://api.xgo.ing/rss/user/394acfaff8c44e09936f5bc0b8504f2c,active,2,,,,,,0,0,0,0,0,0,0,0,0,0,,,2026-05-16T16:46:34.518023+00:00,2026-05-16T16:46:34.518023+00:00,
socialmedia-naval-naval,Naval(@naval),SocialMedia,https://api.xgo.ing/rss/user/b43bc203409e4c5a9c3ae86fe1ac00c9,https://api.xgo.ing/rss/user/b43bc203409e4c5a9c3ae86fe1ac00c9,active,2,,,,,,0,0,0,0,0,0,0,0,0,0,,,2026-05-16T16:46:34.540603+00:00,2026-05-16T16:46:34.540603+00:00,
socialmedia-nick-st-pierre-nickfloats,"Nick St. Pierre(@nickfloats)",SocialMedia,https://api.xgo.ing/rss/user/6ebdf0d91eef4c149acd0ef110635866,https://api.xgo.ing/rss/user/6ebdf0d91eef4c149acd0ef110635866,active,2,,,,,,0,0,0,0,0,0,0,0,0,0,,,2026-05-16T16:46:34.463243+00:00,2026-05-16T16:46:34.463243+00:00,
socialmedia-notebooklm-notebooklm,NotebookLM(@NotebookLM),SocialMedia,https://api.xgo.ing/rss/user/221a88341acb475db221a12fed8208d0,https://api.xgo.ing/rss/user/221a88341acb475db221a12fed8208d0,active,2,,,,,,0,0,0,0,0,0,0,0,0,0,,,2026-05-16T16:46:34.538881+00:00,2026-05-16T16:46:34.538881+00:00,
socialmedia-notion-notionhq,Notion(@NotionHQ),SocialMedia,https://api.xgo.ing/rss/user/f97a26863aec4425b021720d4f8e4ede,https://api.xgo.ing/rss/user/f97a26863aec4425b021720d4f8e4ede,active,2,,,,,,0,0,0,0,0,0,0,0,0,0,,,2026-05-16T16:46:34.455559+00:00,2026-05-16T16:46:34.455559+00:00,
socialmedia-nvidia-ai-nvidiaai,"NVIDIA AI(@NVIDIAAI)",SocialMedia,https://api.xgo.ing/rss/user/05f1492e43514dc3862a076d3697c390,https://api.xgo.ing/rss/user/05f1492e43514dc3862a076d3697c390,active,2,2026-05-17T03:16:24.119454+00:00,2026-05-17T03:16:24.119454+00:00,,,,0,0,0,0,0,20,20,20,20,20,rss_20260517_031621_947912_socialmedia-nvidia-ai-nvidiaai,2026-05-17T03:16:24.119454+00:00,2026-05-16T16:46:34.510545+00:00,2026-05-17T03:16:24.119454+00:00,
socialmedia-ollama-ollama,ollama(@ollama),SocialMedia,https://api.xgo.ing/rss/user/6326c63a2dfa445bbde88bea0c3112c2,https://api.xgo.ing/rss/user/6326c63a2dfa445bbde88bea0c3112c2,active,2,,,,,,0,0,0,0,0,0,0,0,0,0,,,2026-05-16T16:46:34.531146+00:00,2026-05-16T16:46:34.531146+00:00,
socialmedia-openai-developers-openaidevs,"OpenAI Developers(@OpenAIDevs)",SocialMedia,https://api.xgo.ing/rss/user/971dc1fc90da449bac23e5fad8a33d55,https://api.xgo.ing/rss/user/971dc1fc90da449bac23e5fad8a33d55,active,2,,,,,,0,0,0,0,0,0,0,0,0,0,,,2026-05-16T16:46:34.474932+00:00,2026-05-16T16:46:34.474932+00:00,
socialmedia-openai-openai,OpenAI(@OpenAI),SocialMedia,https://api.xgo.ing/rss/user/0c0856a69f9f49cf961018c32a0b0049,https://api.xgo.ing/rss/user/0c0856a69f9f49cf961018c32a0b0049,active,2,,,,,,0,0,0,0,0,0,0,0,0,0,,,2026-05-16T16:46:34.487188+00:00,2026-05-16T16:46:34.487188+00:00,
socialmedia-openrouter-openrouterai,OpenRouter(@OpenRouterAI),SocialMedia,https://api.xgo.ing/rss/user/e503a90c035c4b1d8f8dd34907d15bf4,https://api.xgo.ing/rss/user/e503a90c035c4b1d8f8dd34907d15bf4,active,2,,,,,,0,0,0,0,0,0,0,0,0,0,,,2026-05-16T16:46:34.513840+00:00,2026-05-16T16:46:34.513840+00:00,
socialmedia-orange-ai-oran-ge,orange.ai(@oran_ge),SocialMedia,https://api.xgo.ing/rss/user/0277b0bbefd54df7bc6b7880122da8f7,https://api.xgo.ing/rss/user/0277b0bbefd54df7bc6b7880122da8f7,active,2,2026-05-17T03:16:38.677900+00:00,2026-05-17T03:16:38.677900+00:00,,,,0,0,0,1,1,19,19,20,20,20,rss_20260517_031621_938669_socialmedia-orange-ai-oran-ge,2026-05-17T03:16:38.677900+00:00,2026-05-16T16:46:34.480075+00:00,2026-05-17T03:16:38.677900+00:00,
socialmedia-patrick-loeber-patloeber,"Patrick Loeber(@patloeber)",SocialMedia,https://api.xgo.ing/rss/user/c65c68f3713747bba863f92d6b5e996f,https://api.xgo.ing/rss/user/c65c68f3713747bba863f92d6b5e996f,active,2,,,,,,0,0,0,0,0,0,0,0,0,0,,,2026-05-16T16:46:34.524810+00:00,2026-05-16T16:46:34.524810+00:00,
socialmedia-paul-couvert-itspaulai,"Paul Couvert(@itsPaulAi)",SocialMedia,https://api.xgo.ing/rss/user/b9912ac9a29042cf8c834419dc44cb1f,https://api.xgo.ing/rss/user/b9912ac9a29042cf8c834419dc44cb1f,active,2,,,,,,0,0,0,0,0,0,0,0,0,0,,,2026-05-16T16:46:34.485939+00:00,2026-05-16T16:46:34.485939+00:00,
socialmedia-paul-graham-paulg,"Paul Graham(@paulg)",SocialMedia,https://api.xgo.ing/rss/user/900549ddadf04e839d3f7a17ebaba3fc,https://api.xgo.ing/rss/user/900549ddadf04e839d3f7a17ebaba3fc,active,2,,,,,,0,0,0,0,0,0,0,0,0,0,,,2026-05-16T16:46:34.459402+00:00,2026-05-16T16:46:34.459402+00:00,
socialmedia-perplexity-perplexity-ai,Perplexity(@perplexity_ai),SocialMedia,https://api.xgo.ing/rss/user/fdd601ea751949e7bec9e4cdad7c8e6c,https://api.xgo.ing/rss/user/fdd601ea751949e7bec9e4cdad7c8e6c,active,2,,,,,,0,0,0,0,0,0,0,0,0,0,,,2026-05-16T16:46:34.483967+00:00,2026-05-16T16:46:34.483967+00:00,
socialmedia-philipp-schmid-philschmid,"Philipp Schmid(@_philschmid)",SocialMedia,https://api.xgo.ing/rss/user/ce352bbf72e44033985bc756db2ee0e2,https://api.xgo.ing/rss/user/ce352bbf72e44033985bc756db2ee0e2,active,2,,,,,,0,0,0,0,0,0,0,0,0,0,,,2026-05-16T16:46:34.531934+00:00,2026-05-16T16:46:34.531934+00:00,
socialmedia-pika-pika-labs,Pika(@pika_labs),SocialMedia,https://api.xgo.ing/rss/user/3306d8b253ec4e03aca3c2e9967e7119,https://api.xgo.ing/rss/user/3306d8b253ec4e03aca3c2e9967e7119,active,2,,,,,,0,0,0,0,0,0,0,0,0,0,,,2026-05-16T16:46:34.498215+00:00,2026-05-16T16:46:34.498215+00:00,
socialmedia-poe-poe-platform,Poe(@poe_platform),SocialMedia,https://api.xgo.ing/rss/user/17687b1051204b2dbaed4ea4c9178f28,https://api.xgo.ing/rss/user/17687b1051204b2dbaed4ea4c9178f28,active,2,,,,,,0,0,0,0,0,0,0,0,0,0,,,2026-05-16T16:46:34.457709+00:00,2026-05-16T16:46:34.457709+00:00,
socialmedia-qdrant-qdrant-engine,Qdrant(@qdrant_engine),SocialMedia,https://api.xgo.ing/rss/user/a55f6e33dd224235aabaabaaf9d58a06,https://api.xgo.ing/rss/user/a55f6e33dd224235aabaabaaf9d58a06,active,2,,,,,,0,0,0,0,0,0,0,0,0,0,,,2026-05-16T16:46:34.513060+00:00,2026-05-16T16:46:34.513060+00:00,
socialmedia-qwen-alibaba-qwen,Qwen(@Alibaba_Qwen),SocialMedia,https://api.xgo.ing/rss/user/80032d016d654eb4afe741ff34b7643d,https://api.xgo.ing/rss/user/80032d016d654eb4afe741ff34b7643d,active,2,,,,,,0,0,0,0,0,0,0,0,0,0,,,2026-05-16T16:46:34.526752+00:00,2026-05-16T16:46:34.526752+00:00,
socialmedia-ray-dalio-raydalio,"Ray Dalio(@RayDalio)",SocialMedia,https://api.xgo.ing/rss/user/4838204097ed422eac24ad48e68dc3ff,https://api.xgo.ing/rss/user/4838204097ed422eac24ad48e68dc3ff,active,2,,,,,,0,0,0,0,0,0,0,0,0,0,,,2026-05-16T16:46:34.458272+00:00,2026-05-16T16:46:34.458272+00:00,
socialmedia-recraft-recraftai,Recraft(@recraftai),SocialMedia,https://api.xgo.ing/rss/user/acc648327c614d9b985b9fc3d737165b,https://api.xgo.ing/rss/user/acc648327c614d9b985b9fc3d737165b,active,2,,,,,,0,0,0,0,0,0,0,0,0,0,,,2026-05-16T16:46:34.516263+00:00,2026-05-16T16:46:34.516263+00:00,
socialmedia-replicate-replicate,Replicate(@replicate),SocialMedia,https://api.xgo.ing/rss/user/12eba9c3db4940c5ab2a72bd00f9ff2c,https://api.xgo.ing/rss/user/12eba9c3db4940c5ab2a72bd00f9ff2c,active,2,,,,,,0,0,0,0,0,0,0,0,0,0,,,2026-05-16T16:46:34.456092+00:00,2026-05-16T16:46:34.456092+00:00,
socialmedia-replit-replit,"Replit ⠕(@Replit)",SocialMedia,https://api.xgo.ing/rss/user/613f859e4bc440c5a28f40732840f5cf,https://api.xgo.ing/rss/user/613f859e4bc440c5a28f40732840f5cf,active,2,,,,,,0,0,0,0,0,0,0,0,0,0,,,2026-05-16T16:46:34.501465+00:00,2026-05-16T16:46:34.501465+00:00,
socialmedia-richard-socher-richardsocher,"Richard Socher(@RichardSocher)",SocialMedia,https://api.xgo.ing/rss/user/4d2d4165a7524217a08d3f57f27fa190,https://api.xgo.ing/rss/user/4d2d4165a7524217a08d3f57f27fa190,active,2,,,,,,0,0,0,0,0,0,0,0,0,0,,,2026-05-16T16:46:34.448133+00:00,2026-05-16T16:46:34.448133+00:00,
socialmedia-rowan-cheung-rowancheung,"Rowan Cheung(@rowancheung)",SocialMedia,https://api.xgo.ing/rss/user/a636de3cbda0495daabd15b9fd298614,https://api.xgo.ing/rss/user/a636de3cbda0495daabd15b9fd298614,active,2,,,,,,0,0,0,0,0,0,0,0,0,0,,,2026-05-16T16:46:34.506915+00:00,2026-05-16T16:46:34.506915+00:00,
socialmedia-runway-runwayml,Runway(@runwayml),SocialMedia,https://api.xgo.ing/rss/user/e6bb4f612dd24db5bc1a6811e6dd5820,https://api.xgo.ing/rss/user/e6bb4f612dd24db5bc1a6811e6dd5820,active,2,,,,,,0,0,0,0,0,0,0,0,0,0,,,2026-05-16T16:46:34.520418+00:00,2026-05-16T16:46:34.520418+00:00,
socialmedia-sahil-lavingia-shl,"Sahil Lavingia(@shl)",SocialMedia,https://api.xgo.ing/rss/user/baad3713defe4182844d2756b4c2c9ed,https://api.xgo.ing/rss/user/baad3713defe4182844d2756b4c2c9ed,active,2,,,,,,0,0,0,0,0,0,0,0,0,0,,,2026-05-16T16:46:34.463780+00:00,2026-05-16T16:46:34.463780+00:00,
socialmedia-sam-altman-sama,"Sam Altman(@sama)",SocialMedia,https://api.xgo.ing/rss/user/e30d4cd223f44bed9d404807105c8927,https://api.xgo.ing/rss/user/e30d4cd223f44bed9d404807105c8927,active,2,,,,,,0,0,0,0,0,0,0,0,0,0,,,2026-05-16T16:46:34.477901+00:00,2026-05-16T16:46:34.477901+00:00,
socialmedia-satya-nadella-satyanadella,"Satya Nadella(@satyanadella)",SocialMedia,https://api.xgo.ing/rss/user/baa68dbd9a9e461a96fd9b2e3f35dcbf,https://api.xgo.ing/rss/user/baa68dbd9a9e461a96fd9b2e3f35dcbf,active,2,,,,,,0,0,0,0,0,0,0,0,0,0,,,2026-05-16T16:46:34.527353+00:00,2026-05-16T16:46:34.527353+00:00,
socialmedia-scott-wu-scottwu46,"Scott Wu(@ScottWu46)",SocialMedia,https://api.xgo.ing/rss/user/5fca8ccd87344d388bc863304ed6fd86,https://api.xgo.ing/rss/user/5fca8ccd87344d388bc863304ed6fd86,active,2,,,,,,0,0,0,0,0,0,0,0,0,0,,,2026-05-16T16:46:34.515666+00:00,2026-05-16T16:46:34.515666+00:00,
socialmedia-simon-willison-simonw,"Simon Willison(@simonw)",SocialMedia,https://api.xgo.ing/rss/user/30ad80be93c84e44acc37d5ddf31db57,https://api.xgo.ing/rss/user/30ad80be93c84e44acc37d5ddf31db57,active,2,,,,,,0,0,0,0,0,0,0,0,0,0,,,2026-05-16T16:46:34.489645+00:00,2026-05-16T16:46:34.489645+00:00,
socialmedia-skywork-skywork-ai,Skywork(@Skywork_ai),SocialMedia,https://api.xgo.ing/rss/user/6d7d398dd80b48d79669c92745d32cf6,https://api.xgo.ing/rss/user/6d7d398dd80b48d79669c92745d32cf6,active,2,,,,,,0,0,0,0,0,0,0,0,0,0,,,2026-05-16T16:46:34.468820+00:00,2026-05-16T16:46:34.468820+00:00,
socialmedia-stanford-ai-lab-stanfordailab,"Stanford AI Lab(@StanfordAILab)",SocialMedia,https://api.xgo.ing/rss/user/d5fc365556e641cba2278f501e8c6f92,https://api.xgo.ing/rss/user/d5fc365556e641cba2278f501e8c6f92,active,2,2026-05-17T03:23:28.858238+00:00,2026-05-17T03:23:28.858238+00:00,,,,0,0,0,0,0,7,7,7,7,7,rss_20260517_032327_486778_socialmedia-stanford-ai-lab-stanfordailab,2026-05-17T03:23:28.858238+00:00,2026-05-16T16:46:34.511132+00:00,2026-05-17T03:23:28.858238+00:00,
socialmedia-sualeh-asif-sualehasif996,"Sualeh Asif(@sualehasif996)",SocialMedia,https://api.xgo.ing/rss/user/fafa6df3c67644b1a367a177240e0173,https://api.xgo.ing/rss/user/fafa6df3c67644b1a367a177240e0173,active,2,,,,,,0,0,0,0,0,0,0,0,0,0,,,2026-05-16T16:46:34.471076+00:00,2026-05-16T16:46:34.471076+00:00,
socialmedia-suhail-suhail,Suhail(@Suhail),SocialMedia,https://api.xgo.ing/rss/user/c961547e08df4396b3ab69367a07a1cd,https://api.xgo.ing/rss/user/c961547e08df4396b3ab69367a07a1cd,active,2,,,,,,0,0,0,0,0,0,0,0,0,0,,,2026-05-16T16:46:34.470435+00:00,2026-05-16T16:46:34.470435+00:00,
socialmedia-sundar-pichai-sundarpichai,"Sundar Pichai(@sundarpichai)",SocialMedia,https://api.xgo.ing/rss/user/8324d65a63dc42c584a8c08cc8323c9f,https://api.xgo.ing/rss/user/8324d65a63dc42c584a8c08cc8323c9f,active,2,,,,,,0,0,0,0,0,0,0,0,0,0,,,2026-05-16T16:46:34.498808+00:00,2026-05-16T16:46:34.498808+00:00,
socialmedia-taranjeet-taranjeetio,Taranjeet(@taranjeetio),SocialMedia,https://api.xgo.ing/rss/user/2de92402f4a24c90bb27e7580b93a878,https://api.xgo.ing/rss/user/2de92402f4a24c90bb27e7580b93a878,active,2,,,,,,0,0,0,0,0,0,0,0,0,0,,,2026-05-16T16:46:34.523583+00:00,2026-05-16T16:46:34.523583+00:00,
socialmedia-the-rundown-ai-therundownai,"The Rundown AI(@TheRundownAI)",SocialMedia,https://api.xgo.ing/rss/user/83b1ea38940b4a1d81ea57d1ffb12ad7,https://api.xgo.ing/rss/user/83b1ea38940b4a1d81ea57d1ffb12ad7,active,2,,,,,,0,0,0,0,0,0,0,0,0,0,,,2026-05-16T16:46:34.460754+00:00,2026-05-16T16:46:34.460754+00:00,
socialmedia-thomas-wolf-thom-wolf,"Thomas Wolf(@Thom_Wolf)",SocialMedia,https://api.xgo.ing/rss/user/4918efb13c47459b8dcaa79cfdf72d09,https://api.xgo.ing/rss/user/4918efb13c47459b8dcaa79cfdf72d09,active,2,,,,,,0,0,0,0,0,0,0,0,0,0,,,2026-05-16T16:46:34.514450+00:00,2026-05-16T16:46:34.514450+00:00,
socialmedia-v0-v0,v0(@v0),SocialMedia,https://api.xgo.ing/rss/user/dbf37973e6fc4eae91d4be9669a78fc7,https://api.xgo.ing/rss/user/dbf37973e6fc4eae91d4be9669a78fc7,active,2,,,,,,0,0,0,0,0,0,0,0,0,0,,,2026-05-16T16:46:34.504551+00:00,2026-05-16T16:46:34.504551+00:00,
socialmedia-varun-mohan-mohansolo,"Varun Mohan(@_mohansolo)",SocialMedia,https://api.xgo.ing/rss/user/7794c4268a504019a94af1778857a703,https://api.xgo.ing/rss/user/7794c4268a504019a94af1778857a703,active,2,,,,,,0,0,0,0,0,0,0,0,0,0,,,2026-05-16T16:46:34.511767+00:00,2026-05-16T16:46:34.511767+00:00,
socialmedia-vista8,"向阳乔木(@vista8)",SocialMedia,https://api.xgo.ing/rss/user/9de19c78f7454ad08c956c1a00d237fe,https://api.xgo.ing/rss/user/9de19c78f7454ad08c956c1a00d237fe,active,2,,,,,,0,0,0,0,0,0,0,0,0,0,,,2026-05-16T16:46:34.462663+00:00,2026-05-16T16:46:34.462663+00:00,
socialmedia-weaviate-vector-database-weaviate-io,"Weaviate • vector database(@weaviate_io)",SocialMedia,https://api.xgo.ing/rss/user/2f1035ec6b28475987af06b600e1d04c,https://api.xgo.ing/rss/user/2f1035ec6b28475987af06b600e1d04c,active,2,,,,,,0,0,0,0,0,0,0,0,0,0,,,2026-05-16T16:46:34.537053+00:00,2026-05-16T16:46:34.537053+00:00,
socialmedia-windsurf-windsurf-ai,Windsurf(@windsurf_ai),SocialMedia,https://api.xgo.ing/rss/user/4a8273800ed34a069eecdb6c5c1b9ccf,https://api.xgo.ing/rss/user/4a8273800ed34a069eecdb6c5c1b9ccf,active,2,,,,,,0,0,0,0,0,0,0,0,0,0,,,2026-05-16T16:46:34.525448+00:00,2026-05-16T16:46:34.525448+00:00,
socialmedia-xai-xai,xAI(@xai),SocialMedia,https://api.xgo.ing/rss/user/3953aa71e87a422eb9d7bf6ff1c7c43e,https://api.xgo.ing/rss/user/3953aa71e87a422eb9d7bf6ff1c7c43e,active,2,,,,,,0,0,0,0,0,0,0,0,0,0,,,2026-05-16T16:46:34.451425+00:00,2026-05-16T16:46:34.451425+00:00,
socialmedia-y-combinator-ycombinator,"Y Combinator(@ycombinator)",SocialMedia,https://api.xgo.ing/rss/user/b1ab109f6afd42ab8ea32e17a19a3a3e,https://api.xgo.ing/rss/user/b1ab109f6afd42ab8ea32e17a19a3a3e,active,2,,,,,,0,0,0,0,0,0,0,0,0,0,,,2026-05-16T16:46:34.518619+00:00,2026-05-16T16:46:34.518619+00:00,
socialmedia-yann-lecun-ylecun,"Yann LeCun(@ylecun)",SocialMedia,https://api.xgo.ing/rss/user/f5f4f928dede472ea55053672ad27ab6,https://api.xgo.ing/rss/user/f5f4f928dede472ea55053672ad27ab6,active,2,,,,,,0,0,0,0,0,0,0,0,0,0,,,2026-05-16T16:46:34.490954+00:00,2026-05-16T16:46:34.490954+00:00,
